Year,rank,index,Country,Ladder Score,Freedom,GDP,Life Expectancy,Generosity,Regional indicator
2017,1.0,154,Central African Republic,2.6930000780000003,0.270842046,0.0,0.018772686,0.280876487,Sub-Saharan Africa
2017,2.0,153,Burundi,2.904999971,0.059900753,0.091622569,0.151610792,0.204435185,Sub-Saharan Africa
2017,3.0,152,Tanzania,3.348999977,0.390017778,0.511135876,0.364509284,0.35425636200000005,Sub-Saharan Africa
2017,4.0,151,Syria,3.461999893,0.081539445,0.7771531340000001,0.500533342,0.49366372799999997,
2017,5.0,150,Rwanda,3.4709999560000004,0.581843853,0.368745893,0.326424807,0.252756029,Sub-Saharan Africa
2017,6.0,149,Togo,3.4949998860000004,0.380426139,0.305444717,0.247105569,0.19689615100000002,Sub-Saharan Africa
2017,7.0,148,Guinea,3.5069999689999998,0.34858751299999996,0.24454993,0.19412913899999998,0.264815092,Sub-Saharan Africa
2017,8.0,147,Liberia,3.5329999919999997,0.332881182,0.119041793,0.229918197,0.266549885,Sub-Saharan Africa
2017,9.0,146,South Sudan,3.59100008,0.147062436,0.397248626,0.163486004,0.28567081699999997,Sub-Saharan Africa
2017,10.0,145,Yemen,3.592999935,0.249463722,0.5916834470000001,0.31008091600000004,0.10412520900000001,Middle East and North Africa
2017,11.0,144,Haiti,3.6029999260000003,0.030369857000000004,0.368610263,0.27732113,0.489203781,Latin America and Caribbean
2017,12.0,143,Madagascar,3.644000053,0.189196765,0.305808693,0.375223309,0.20873253,Sub-Saharan Africa
2017,13.0,142,Benin,3.657000065,0.425962776,0.43108540799999995,0.209930211,0.207948461,Sub-Saharan Africa
2017,14.0,141,Botswana,3.766000032,0.505196333,1.122094154,0.34175550899999996,0.099348448,Sub-Saharan Africa
2017,15.0,140,Afghanistan,3.79399991,0.10617952,0.40147721799999997,0.180746779,0.311870933,South Asia
2017,16.0,139,Angola,3.7950000760000004,0.0,0.85842818,0.049868666,0.09792649,
2017,17.0,138,Lesotho,3.808000088,0.39066129899999996,0.5210212470000001,0.0,0.157497272,Sub-Saharan Africa
2017,18.0,137,Zimbabwe,3.875,0.33638420700000005,0.375846535,0.19676375399999999,0.189143494,Sub-Saharan Africa
2017,19.0,136,Chad,3.9360001089999996,0.162342027,0.438012987,0.041134715,0.21611385,Sub-Saharan Africa
2017,20.0,135,Malawi,3.970000029,0.466914654,0.23344203800000002,0.315089583,0.28717047,Sub-Saharan Africa
2017,21.0,134,Niger,4.027999878,0.363658696,0.161925331,0.268505007,0.22867384600000001,Sub-Saharan Africa
2017,22.0,133,Burkina Faso,4.032000065,0.32436785100000004,0.35022771399999997,0.21584425899999998,0.250864685,Sub-Saharan Africa
2017,23.0,132,Uganda,4.0809998510000005,0.443185955,0.381430715,0.217632607,0.325766057,Sub-Saharan Africa
2017,24.0,131,Ukraine,4.096000195,0.122974776,0.8946519490000001,0.575903952,0.270061463,Commonwealth of Independent States
2017,25.0,130,Ghana,4.1199998860000004,0.42302629399999997,0.6672248239999999,0.295637727,0.25692394399999996,Sub-Saharan Africa
2017,26.0,129,Sudan,4.138999939,0.014995855,0.6595166920000001,0.29092082399999997,0.18231745100000002,
2017,27.0,128,Cambodia,4.168000221000001,0.633375823,0.601765096,0.429783404,0.385922968,Southeast Asia
2017,28.0,127,Ivory Coast,4.179999828,0.447706193,0.603048921,0.04864217,0.20123747,Sub-Saharan Africa
2017,29.0,126,Mali,4.190000057,0.306613743,0.476180494,0.169365674,0.183354199,Sub-Saharan Africa
2017,30.0,125,Congo (Kinshasa),4.28000021,0.23596134800000002,0.092102349,0.191407025,0.246455833,Sub-Saharan Africa
2017,31.0,124,Georgia,4.285999775,0.309410036,0.9506126640000001,0.649546981,0.054008815,Commonwealth of Independent States
2017,32.0,123,Congo (Brazzaville),4.290999889,0.435025871,0.808964252,0.28995743399999996,0.120852128,Sub-Saharan Africa
2017,33.0,122,Mauritania,4.291999817,0.09609804300000001,0.648457289,0.28534928,0.20187002399999998,Sub-Saharan Africa
2017,34.0,121,India,4.315000057,0.469987005,0.7922212479999999,0.455427617,0.231538489,South Asia
2017,35.0,120,Armenia,4.375999928,0.198303267,0.900596738,0.637524426,0.083488092,Commonwealth of Independent States
2017,36.0,119,Sri Lanka,4.440000057,0.561213255,1.009850144,0.6251308320000001,0.49086356200000003,South Asia
2017,37.0,118,Ethiopia,4.460000038,0.40884274200000004,0.339233845,0.353409708,0.31265074,Sub-Saharan Africa
2017,38.0,117,Gabon,4.465000153,0.312328577,1.198210239,0.356578588,0.043785378,Sub-Saharan Africa
2017,39.0,116,Iraq,4.497000217,0.28855553300000003,1.102710485,0.50118047,0.19963726399999998,Middle East and North Africa
2017,40.0,115,Zambia,4.513999939,0.461603492,0.636406779,0.257835895,0.249580145,Sub-Saharan Africa
2017,41.0,114,Senegal,4.534999847,0.37792226700000003,0.47930902200000003,0.40936285299999997,0.183468893,Sub-Saharan Africa
2017,42.0,113,Myanmar,4.545000076,0.514492035,0.36711055,0.397522569,0.8380751609999999,Southeast Asia
2017,43.0,112,Mozambique,4.5500001910000005,0.48079109200000003,0.23430565,0.106654435,0.32222810399999996,Sub-Saharan Africa
2017,44.0,111,Kenya,4.552999973,0.452763766,0.560479462,0.30998835,0.444860309,Sub-Saharan Africa
2017,45.0,110,Namibia,4.573999882,0.520303547,0.9644343259999999,0.33861181100000004,0.077133745,Sub-Saharan Africa
2017,46.0,109,Bangladesh,4.607999802,0.47835665899999996,0.586682975,0.533241034,0.172255352,South Asia
2017,47.0,108,Albania,4.644000053,0.381498635,0.996192753,0.7311597470000001,0.201312944,Central and Eastern Europe
2017,48.0,107,Iran,4.691999912,0.249322608,1.156873107,0.639333189,0.38724291299999997,Middle East and North Africa
2017,49.0,106,Cameroon,4.695000172,0.43038874899999996,0.564305365,0.132892117,0.236298457,Sub-Saharan Africa
2017,50.0,105,Sierra Leone,4.709000111,0.318697691,0.368420929,0.005564754,0.293040901,Sub-Saharan Africa
2017,51.0,104,Bulgaria,4.714000225,0.289231718,1.161459088,0.70821768,0.11317769400000001,Central and Eastern Europe
2017,52.0,103,Egypt,4.735000134,0.282110155,0.989701807,0.520187259,0.128631443,Middle East and North Africa
2017,53.0,102,Palestinian Territories,4.775000095,0.254711062,0.716249228,0.565666974,0.114173174,Middle East and North Africa
2017,54.0,101,Tunisia,4.804999828,0.28968069,1.007265806,0.613212049,0.049693357,Middle East and North Africa
2017,55.0,100,South Africa,4.828999996,0.479246736,1.054698706,0.18708007,0.13936238,Sub-Saharan Africa
2017,56.0,99,Mongolia,4.954999924,0.394143969,1.0272358659999998,0.557783484,0.33846423,East Asia
2017,57.0,98,Nepal,4.961999893,0.44030594799999995,0.47982019200000003,0.504130781,0.394096166,South Asia
2017,58.0,97,Kyrgyzstan,5.004000187,0.454943389,0.596220076,0.5534577970000001,0.428580374,Commonwealth of Independent States
2017,59.0,96,Bhutan,5.011000156000001,0.5015376810000001,0.8854163890000001,0.495879292,0.474054545,
2017,60.0,95,Tajikistan,5.040999889,0.47156670700000003,0.524713635,0.529235125,0.248997644,Commonwealth of Independent States
2017,61.0,93,Vietnam,5.073999882,0.571055591,0.788547575,0.652168989,0.234968051,Southeast Asia
2017,62.0,94,Nigeria,5.073999882,0.394952565,0.783756256,0.05691573,0.23094719600000002,Sub-Saharan Africa
2017,63.0,92,Somalia,5.151000023,0.602126956,0.022643184,0.11398913699999999,0.291631311,
2017,64.0,91,Macedonia,5.1750001910000005,0.325905979,1.0645779370000001,0.644948184,0.253760964,Central and Eastern Europe
2017,65.0,90,Honduras,5.181000233,0.34807986,0.730573118,0.58256948,0.236188874,Latin America and Caribbean
2017,66.0,89,Bosnia and Herzegovina,5.18200016,0.204403177,0.9824094179999999,0.7051863070000001,0.328867495,Central and Eastern Europe
2017,67.0,88,Portugal,5.195000172,0.4984653,1.315175295,0.7958435420000001,0.095102713,Western Europe
2017,68.0,87,Lebanon,5.224999905,0.288515985,1.0749875309999999,0.735081077,0.264450759,Middle East and North Africa
2017,69.0,86,Greece,5.2270002369999995,0.09573125099999999,1.2894874809999999,0.810198903,0.0,Western Europe
2017,70.0,85,Dominican Republic,5.230000018999999,0.552589834,1.0793738370000001,0.574873745,0.18696785,Latin America and Caribbean
2017,71.0,84,Azerbaijan,5.234000206,0.398155838,1.153601766,0.540775776,0.04526934,Commonwealth of Independent States
2017,72.0,83,Morocco,5.235000134,0.408158332,0.878114581,0.597710669,0.032209955,Middle East and North Africa
2017,73.0,82,Montenegro,5.236999989,0.194989055,1.121129036,0.667464674,0.197911024,Central and Eastern Europe
2017,74.0,81,Venezuela,5.25,0.153997123,1.128431201,0.617144227,0.06501963,Latin America and Caribbean
2017,75.0,80,Indonesia,5.262000083999999,0.443323463,0.995538592,0.492345721,0.6117045879999999,Southeast Asia
2017,76.0,79,Pakistan,5.269000053,0.23521526199999998,0.7268835309999999,0.402047783,0.31544601899999997,South Asia
2017,77.0,78,China,5.2729997630000005,0.472787708,1.0811657909999999,0.741415501,0.028806841,East Asia
2017,78.0,77,Kosovo,5.278999805,0.260287941,0.9514843820000001,0.54145205,0.319931448,Central and Eastern Europe
2017,79.0,76,Croatia,5.293000221000001,0.255772293,1.222556233,0.7012885209999999,0.248002976,Central and Eastern Europe
2017,80.0,75,Jamaica,5.31099987,0.474307239,0.9255793090000001,0.641022384,0.233818337,Latin America and Caribbean
2017,81.0,74,Hungary,5.323999882,0.175863519,1.286011934,0.687763453,0.078401662,Central and Eastern Europe
2017,82.0,73,Jordan,5.335999966,0.418421149,0.9910123940000001,0.604590058,0.17217046,Middle East and North Africa
2017,83.0,72,Serbia,5.394999981000001,0.208715528,1.069317579,0.650784671,0.220125884,Central and Eastern Europe
2017,84.0,71,Philippines,5.429999828,0.5852146739999999,0.857699215,0.468009055,0.19351342300000002,Southeast Asia
2017,85.0,70,Hong Kong,5.472000122000001,0.490968645,1.551674843,0.943062425,0.374465793,East Asia
2017,86.0,69,Paraguay,5.493000031,0.47350779200000004,0.932537317,0.579250693,0.224150658,Latin America and Caribbean
2017,87.0,68,Turkey,5.5,0.30074059999999997,1.1982743740000001,0.637605608,0.046693042000000004,Middle East and North Africa
2017,88.0,67,Libya,5.525000095,0.46573323,1.101803064,0.52016902,0.152073666,Middle East and North Africa
2017,89.0,66,Belarus,5.568999767,0.29540026199999997,1.15655756,0.637714267,0.155137509,Commonwealth of Independent States
2017,90.0,65,Estonia,5.611000061,0.47913143,1.32087934,0.695168316,0.098890811,Central and Eastern Europe
2017,91.0,64,Cyprus,5.620999812999999,0.355111539,1.3559380769999998,0.8447147009999999,0.27125430100000003,Western Europe
2017,92.0,63,Mauritius,5.629000187000001,0.49124732600000004,1.189395547,0.638007462,0.360933751,Sub-Saharan Africa
2017,93.0,62,Peru,5.715000152999999,0.45000287899999997,1.0352252720000001,0.6301661129999999,0.126819715,Latin America and Caribbean
2017,94.0,61,Slovenia,5.757999897,0.572575808,1.341205955,0.790828228,0.242649093,Central and Eastern Europe
2017,95.0,60,North Cyprus,5.809999942999999,0.471203625,1.346911311,0.834647238,0.266845703,Western Europe
2017,96.0,59,Kazakhstan,5.818999767,0.43745428299999994,1.28455627,0.606041551,0.201964423,Commonwealth of Independent States
2017,97.0,58,Turkmenistan,5.8220000270000005,0.418271929,1.130776763,0.43772608,0.24992498800000001,Commonwealth of Independent States
2017,98.0,57,Bolivia,5.822999954,0.558732927,0.8337565659999999,0.47363025,0.225560725,Latin America and Caribbean
2017,99.0,56,Romania,5.8249998089999995,0.45700374200000005,1.217683911,0.685158312,0.13351991800000002,Central and Eastern Europe
2017,100.0,54,South Korea,5.837999821,0.257921666,1.4016784430000002,0.9002140759999999,0.206674367,East Asia
2017,101.0,55,Moldova,5.837999821,0.24072904899999997,0.72887063,0.589465201,0.208779126,Commonwealth of Independent States
2017,102.0,53,Latvia,5.849999905,0.325707912,1.260748625,0.638566971,0.153074786,Central and Eastern Europe
2017,103.0,52,Algeria,5.872000217,0.233335808,1.091864467,0.6175846460000001,0.069436647,Middle East and North Africa
2017,104.0,51,Lithuania,5.90199995,0.234231785,1.314582348,0.62894994,0.010164656999999999,Central and Eastern Europe
2017,105.0,50,Japan,5.920000076,0.505625546,1.4169151780000002,0.9134758709999999,0.12057276800000001,East Asia
2017,106.0,49,Belize,5.9559998510000005,0.547509372,0.9079753159999999,0.450191766,0.240015641,
2017,107.0,48,Russia,5.962999821,0.37378311200000003,1.2817780970000001,0.547349334,0.052263822,Commonwealth of Independent States
2017,108.0,47,Italy,5.964000225,0.256450713,1.395066619,0.8531443479999999,0.17278964800000002,Western Europe
2017,109.0,46,Uzbekistan,5.971000195,0.658248663,0.786441088,0.498272628,0.415983647,Commonwealth of Independent States
2017,110.0,45,Poland,5.97300005,0.520342112,1.291787863,0.699475348,0.15846596699999999,Central and Eastern Europe
2017,111.0,44,El Salvador,6.002999783,0.43245253,0.9097844959999999,0.596018553,0.078257985,Latin America and Caribbean
2017,112.0,43,Ecuador,6.007999897,0.45519819899999997,1.0008203979999999,0.6856362220000001,0.150112465,Latin America and Caribbean
2017,113.0,42,Nicaragua,6.071000099,0.447551847,0.737299204,0.653095961,0.30167421699999997,Latin America and Caribbean
2017,114.0,41,Malaysia,6.084000111,0.40226498200000005,1.29121542,0.618784428,0.41660893,Southeast Asia
2017,115.0,40,Bahrain,6.086999893,0.5367469189999999,1.488412261,0.653133035,0.17266848699999998,Middle East and North Africa
2017,116.0,39,Slovakia,6.09800005,0.295817465,1.325393558,0.7127329109999999,0.136544481,Central and Eastern Europe
2017,117.0,38,Kuwait,6.105000018999999,0.49633759299999997,1.6329524519999998,0.632105708,0.22828979800000002,Middle East and North Africa
2017,118.0,37,Trinidad and Tobago,6.168000221000001,0.518630743,1.361355901,0.519983292,0.325296462,Latin America and Caribbean
2017,119.0,36,Saudi Arabia,6.343999863,0.449750572,1.530623555,0.59014833,0.14761601400000002,Middle East and North Africa
2017,120.0,35,Colombia,6.3569998739999996,0.477487415,1.070622325,0.5950279239999999,0.149014473,Latin America and Caribbean
2017,121.0,34,Qatar,6.375,0.604130983,1.870765686,0.710098088,0.33047387,
2017,122.0,33,Spain,6.402999877999999,0.40878123,1.384397864,0.8889606,0.190133572,Western Europe
2017,123.0,32,Taiwan,6.421999931,0.361466587,1.4336265330000002,0.7939842340000001,0.258360475,East Asia
2017,124.0,31,Thailand,6.423999786,0.580200732,1.127868772,0.647239029,0.57212311,Southeast Asia
2017,125.0,30,France,6.441999912000001,0.470222116,1.430923462,0.844465852,0.129762307,Western Europe
2017,126.0,29,Panama,6.452000141,0.550026834,1.233748436,0.706156135,0.210556939,Latin America and Caribbean
2017,127.0,27,Uruguay,6.453999996,0.5793922539999999,1.217559695,0.7192168240000001,0.17509692899999998,Latin America and Caribbean
2017,128.0,28,Guatemala,6.453999996,0.531310618,0.8720019459999999,0.54023999,0.283488393,Latin America and Caribbean
2017,129.0,26,Malta,6.52699995,0.588767052,1.343279839,0.8219442370000001,0.574730575,Western Europe
2017,130.0,25,Singapore,6.5720000270000005,0.549840569,1.69227767,0.949492395,0.34596598100000003,Southeast Asia
2017,131.0,24,Mexico,6.578000069,0.412730008,1.153183818,0.709978998,0.12099043300000001,Latin America and Caribbean
2017,132.0,23,Argentina,6.598999977,0.494519204,1.1852954629999999,0.6951370840000001,0.109457061,Latin America and Caribbean
2017,133.0,22,Czech Republic,6.609000206,0.49094617399999996,1.352682352,0.7544440029999999,0.088106759,Central and Eastern Europe
2017,134.0,21,Brazil,6.635000229,0.437453747,1.10735321,0.616552353,0.162349895,Latin America and Caribbean
2017,135.0,20,United Arab Emirates,6.647999763,0.60834527,1.626343369,0.7267982359999999,0.36094194700000004,Middle East and North Africa
2017,136.0,19,Chile,6.65199995,0.37689527899999997,1.25278461,0.819479704,0.32666242100000004,Latin America and Caribbean
2017,137.0,18,United Kingdom,6.714000225,0.508190036,1.44163394,0.8053359390000001,0.492774159,Western Europe
2017,138.0,17,Luxembourg,6.862999916000001,0.596627891,1.7419435980000002,0.845089495,0.28318098199999997,Western Europe
2017,139.0,16,Belgium,6.890999794,0.539770722,1.463780761,0.8180918690000001,0.231503338,Western Europe
2017,140.0,15,Germany,6.951000214,0.562511384,1.4879233840000001,0.798950732,0.33626917,Western Europe
2017,141.0,14,Ireland,6.977000237,0.573110342,1.535706639,0.809782624,0.427858323,Western Europe
2017,142.0,13,United States,6.993000031,0.5057405229999999,1.546259284,0.7742866279999999,0.392578781,North America and ANZ
2017,143.0,12,Austria,7.006000042,0.56776619,1.4870972630000001,0.8153284190000001,0.316472322,Western Europe
2017,144.0,11,Costa Rica,7.078999996,0.58013165,1.109706283,0.759509265,0.214613229,Latin America and Caribbean
2017,145.0,10,Israel,7.212999821,0.405988604,1.375382423,0.838404,0.330082655,Middle East and North Africa
2017,146.0,8,Sweden,7.28399992,0.612924099,1.494387269,0.830875158,0.385399252,Western Europe
2017,147.0,9,Australia,7.28399992,0.6016073820000001,1.484414935,0.843886793,0.47769925,North America and ANZ
2017,148.0,7,New Zealand,7.31400013,0.61406213,1.405706048,0.8167597059999999,0.500005126,North America and ANZ
2017,149.0,6,Canada,7.315999985,0.611100912,1.479204416,0.834557652,0.435539722,North America and ANZ
2017,150.0,5,Netherlands,7.376999855,0.585384488,1.503944635,0.810696125,0.47048983,Western Europe
2017,151.0,4,Finland,7.468999863,0.6179508570000001,1.443571925,0.80915767,0.24548277300000002,Western Europe
2017,152.0,3,Switzerland,7.493999958,0.620070577,1.5649795530000001,0.858131289,0.290549278,Western Europe
2017,153.0,2,Iceland,7.504000187000001,0.627162635,1.48063302,0.8335521220000001,0.47554022100000004,Western Europe
2017,154.0,1,Denmark,7.521999836,0.6260067220000001,1.4823830130000002,0.792565525,0.355280489,Western Europe
2017,155.0,0,Norway,7.537000179,0.635422587,1.616463184,0.796666503,0.362012237,Western Europe
2018,1.0,155,Burundi,2.905,0.065,0.091,0.145,0.149,Sub-Saharan Africa
2018,2.0,154,Central African Republic,3.083,0.305,0.024,0.01,0.218,Sub-Saharan Africa
2018,3.0,153,South Sudan,3.2539999999999996,0.11199999999999999,0.337,0.177,0.22399999999999998,Sub-Saharan Africa
2018,4.0,152,Tanzania,3.303,0.48100000000000004,0.455,0.381,0.27,Sub-Saharan Africa
2018,5.0,151,Yemen,3.355,0.244,0.442,0.34299999999999997,0.083,Middle East and North Africa
2018,6.0,150,Rwanda,3.408,0.636,0.332,0.4,0.2,Sub-Saharan Africa
2018,7.0,149,Syria,3.4619999999999997,0.08800000000000001,0.6890000000000001,0.539,0.376,
2018,8.0,148,Liberia,3.495,0.419,0.076,0.267,0.20600000000000002,Sub-Saharan Africa
2018,9.0,147,Haiti,3.582,0.025,0.315,0.289,0.392,Latin America and Caribbean
2018,10.0,146,Malawi,3.5869999999999997,0.531,0.18600000000000003,0.306,0.21,Sub-Saharan Africa
2018,11.0,145,Botswana,3.59,0.557,1.0170000000000001,0.41700000000000004,0.042,Sub-Saharan Africa
2018,12.0,144,Afghanistan,3.6319999999999997,0.085,0.332,0.255,0.191,South Asia
2018,13.0,143,Zimbabwe,3.6919999999999997,0.406,0.35700000000000004,0.248,0.132,Sub-Saharan Africa
2018,14.0,142,Madagascar,3.7739999999999996,0.221,0.262,0.402,0.155,Sub-Saharan Africa
2018,15.0,141,Angola,3.795,0.0,0.73,0.26899999999999996,0.079,
2018,16.0,140,Lesotho,3.8080000000000003,0.423,0.47200000000000003,0.079,0.11599999999999999,Sub-Saharan Africa
2018,17.0,139,Guinea,3.964,0.39399999999999996,0.344,0.21100000000000002,0.185,Sub-Saharan Africa
2018,18.0,138,Togo,3.9989999999999997,0.434,0.259,0.253,0.158,Sub-Saharan Africa
2018,19.0,137,Ukraine,4.103,0.163,0.7929999999999999,0.609,0.187,Commonwealth of Independent States
2018,20.0,136,Sudan,4.138999999999999,0.016,0.605,0.312,0.134,
2018,21.0,135,Benin,4.141,0.44,0.37799999999999995,0.24,0.163,Sub-Saharan Africa
2018,22.0,134,Uganda,4.1610000000000005,0.45,0.322,0.237,0.259,Sub-Saharan Africa
2018,23.0,133,Niger,4.166,0.39,0.131,0.221,0.175,Sub-Saharan Africa
2018,24.0,132,India,4.19,0.539,0.721,0.485,0.172,South Asia
2018,25.0,131,Congo (Kinshasa),4.245,0.312,0.069,0.204,0.19699999999999998,Sub-Saharan Africa
2018,26.0,130,Chad,4.301,0.18899999999999997,0.358,0.053,0.18100000000000002,Sub-Saharan Africa
2018,27.0,129,Myanmar,4.308,0.58,0.682,0.429,0.598,Southeast Asia
2018,28.0,128,Armenia,4.321000000000001,0.26,0.816,0.6659999999999999,0.077,Commonwealth of Independent States
2018,29.0,127,Georgia,4.34,0.375,0.853,0.643,0.038,Commonwealth of Independent States
2018,30.0,126,Ethiopia,4.35,0.452,0.308,0.391,0.22,Sub-Saharan Africa
2018,31.0,125,Mauritania,4.356,0.129,0.557,0.292,0.134,Sub-Saharan Africa
2018,32.0,124,Zambia,4.377,0.503,0.562,0.295,0.221,Sub-Saharan Africa
2018,33.0,123,Kenya,4.41,0.504,0.493,0.45399999999999996,0.35200000000000004,Sub-Saharan Africa
2018,34.0,122,Mozambique,4.417,0.531,0.198,0.17300000000000001,0.20600000000000002,Sub-Saharan Africa
2018,35.0,121,Egypt,4.419,0.312,0.885,0.5529999999999999,0.092,Middle East and North Africa
2018,36.0,120,Burkina Faso,4.4239999999999995,0.312,0.314,0.254,0.175,Sub-Saharan Africa
2018,37.0,119,Cambodia,4.433,0.696,0.5489999999999999,0.457,0.256,Southeast Asia
2018,38.0,118,Namibia,4.441,0.519,0.8740000000000001,0.365,0.051,Sub-Saharan Africa
2018,39.0,117,Mali,4.447,0.36700000000000005,0.37,0.152,0.139,Sub-Saharan Africa
2018,40.0,116,Iraq,4.456,0.304,1.01,0.536,0.14800000000000002,Middle East and North Africa
2018,41.0,115,Sri Lanka,4.471,0.585,0.9179999999999999,0.672,0.307,South Asia
2018,42.0,114,Bangladesh,4.5,0.58,0.532,0.579,0.153,South Asia
2018,43.0,113,Congo (Brazzaville),4.559,0.514,0.682,0.34299999999999997,0.091,Sub-Saharan Africa
2018,44.0,112,Sierra Leone,4.571000000000001,0.355,0.256,0.0,0.23800000000000002,Sub-Saharan Africa
2018,45.0,111,Albania,4.586,0.419,0.9159999999999999,0.79,0.149,Central and Eastern Europe
2018,46.0,110,Tunisia,4.592,0.271,0.9,0.69,0.04,Middle East and North Africa
2018,47.0,109,Laos,4.623,0.626,0.72,0.441,0.23,Southeast Asia
2018,48.0,108,Senegal,4.631,0.406,0.429,0.433,0.138,Sub-Saharan Africa
2018,49.0,107,Ghana,4.657,0.499,0.5920000000000001,0.337,0.212,Sub-Saharan Africa
2018,50.0,106,Ivory Coast,4.671,0.467,0.541,0.08,0.146,Sub-Saharan Africa
2018,51.0,105,Iran,4.707,0.45899999999999996,1.0590000000000002,0.691,0.282,Middle East and North Africa
2018,52.0,104,South Africa,4.724,0.516,0.94,0.33,0.10300000000000001,Sub-Saharan Africa
2018,53.0,103,Palestinian Territories,4.743,0.266,0.642,0.602,0.086,Middle East and North Africa
2018,54.0,102,Gabon,4.758,0.35600000000000004,1.036,0.40399999999999997,0.032,Sub-Saharan Africa
2018,55.0,101,Venezuela,4.806,0.133,0.996,0.657,0.055999999999999994,Latin America and Caribbean
2018,56.0,100,Nepal,4.88,0.526,0.425,0.539,0.302,South Asia
2018,57.0,99,Bulgaria,4.933,0.359,1.054,0.7120000000000001,0.064,Central and Eastern Europe
2018,58.0,98,Cameroon,4.975,0.45399999999999996,0.535,0.182,0.183,Sub-Saharan Africa
2018,59.0,97,Somalia,4.982,0.674,0.0,0.115,0.23800000000000002,
2018,60.0,96,Bhutan,5.082,0.541,0.7959999999999999,0.527,0.364,
2018,61.0,95,Indonesia,5.093,0.5379999999999999,0.899,0.522,0.484,Southeast Asia
2018,62.0,94,Vietnam,5.103,0.618,0.715,0.7020000000000001,0.177,Southeast Asia
2018,63.0,93,Mongolia,5.125,0.395,0.914,0.575,0.253,East Asia
2018,64.0,92,Bosnia and Herzegovina,5.129,0.28,0.915,0.758,0.21600000000000003,Central and Eastern Europe
2018,65.0,91,Kyrgyzstan,5.131,0.54,0.53,0.594,0.281,Commonwealth of Independent States
2018,66.0,90,Nigeria,5.155,0.462,0.6890000000000001,0.048,0.201,Sub-Saharan Africa
2018,67.0,89,Jordan,5.1610000000000005,0.46799999999999997,0.8220000000000001,0.645,0.13,Middle East and North Africa
2018,68.0,88,Macedonia,5.185,0.39399999999999996,0.9590000000000001,0.691,0.17300000000000001,Central and Eastern Europe
2018,69.0,87,Tajikistan,5.199,0.292,0.474,0.598,0.187,Commonwealth of Independent States
2018,70.0,86,Azerbaijan,5.2010000000000005,0.43,1.024,0.603,0.031,Commonwealth of Independent States
2018,71.0,85,China,5.246,0.597,0.9890000000000001,0.799,0.028999999999999998,East Asia
2018,72.0,84,Morocco,5.254,0.46,0.779,0.669,0.026000000000000002,Middle East and North Africa
2018,73.0,83,Algeria,5.295,0.077,0.9790000000000001,0.687,0.055,Middle East and North Africa
2018,74.0,82,Dominican Republic,5.3020000000000005,0.578,0.982,0.614,0.12,Latin America and Caribbean
2018,75.0,81,Croatia,5.321000000000001,0.38,1.115,0.737,0.12,Central and Eastern Europe
2018,76.0,80,Montenegro,5.347,0.259,1.0170000000000001,0.7290000000000001,0.111,Central and Eastern Europe
2018,77.0,78,Greece,5.358,0.131,1.1540000000000001,0.879,0.0,Western Europe
2018,78.0,79,Lebanon,5.358,0.503,0.965,0.785,0.214,Middle East and North Africa
2018,79.0,77,Serbia,5.398,0.28800000000000003,0.975,0.685,0.134,Central and Eastern Europe
2018,80.0,76,Portugal,5.41,0.562,1.188,0.884,0.055,Western Europe
2018,81.0,75,Hong Kong,5.43,0.524,1.405,1.03,0.24600000000000002,East Asia
2018,82.0,74,Pakistan,5.472,0.33399999999999996,0.652,0.424,0.21600000000000003,South Asia
2018,83.0,72,Belarus,5.483,0.307,1.0390000000000001,0.7,0.10099999999999999,Commonwealth of Independent States
2018,84.0,73,Turkey,5.483,0.324,1.148,0.6859999999999999,0.106,Middle East and North Africa
2018,85.0,71,Honduras,5.504,0.45899999999999996,0.62,0.622,0.19699999999999998,Latin America and Caribbean
2018,86.0,70,Philippines,5.524,0.643,0.775,0.513,0.12,Southeast Asia
2018,87.0,69,Libya,5.566,0.496,0.985,0.5529999999999999,0.11599999999999999,Middle East and North Africa
2018,88.0,68,Hungary,5.62,0.259,1.171,0.732,0.061,Central and Eastern Europe
2018,89.0,67,Turkmenistan,5.636,0.41700000000000004,1.016,0.517,0.19899999999999998,Commonwealth of Independent States
2018,90.0,66,Moldova,5.64,0.23199999999999998,0.657,0.62,0.171,Commonwealth of Independent States
2018,91.0,65,Kosovo,5.662000000000001,0.44799999999999995,0.855,0.578,0.27399999999999997,Central and Eastern Europe
2018,92.0,64,Peru,5.662999999999999,0.53,0.934,0.674,0.092,Latin America and Caribbean
2018,93.0,63,Paraguay,5.681,0.541,0.835,0.615,0.162,Latin America and Caribbean
2018,94.0,62,Estonia,5.739,0.5529999999999999,1.2,0.737,0.086,Central and Eastern Europe
2018,95.0,61,Bolivia,5.752000000000001,0.606,0.7509999999999999,0.508,0.141,Latin America and Caribbean
2018,96.0,60,Cyprus,5.7620000000000005,0.423,1.229,0.909,0.20199999999999999,Western Europe
2018,97.0,59,Kazakhstan,5.79,0.45399999999999996,1.143,0.631,0.14800000000000002,Commonwealth of Independent States
2018,98.0,58,Russia,5.81,0.39899999999999997,1.151,0.599,0.065,Commonwealth of Independent States
2018,99.0,57,North Cyprus,5.835,0.495,1.229,0.909,0.179,Western Europe
2018,100.0,56,South Korea,5.875,0.244,1.266,0.955,0.175,East Asia
2018,101.0,55,Jamaica,5.89,0.575,0.8190000000000001,0.693,0.096,Latin America and Caribbean
2018,102.0,54,Mauritius,5.891,0.584,1.09,0.684,0.245,Sub-Saharan Africa
2018,103.0,53,Japan,5.915,0.5529999999999999,1.294,0.988,0.079,East Asia
2018,104.0,52,Latvia,5.933,0.363,1.148,0.6709999999999999,0.092,Central and Eastern Europe
2018,105.0,51,Romania,5.945,0.528,1.1159999999999999,0.726,0.08800000000000001,Central and Eastern Europe
2018,106.0,50,Slovenia,5.9479999999999995,0.633,1.219,0.856,0.16,Central and Eastern Europe
2018,107.0,49,Lithuania,5.952000000000001,0.35,1.197,0.716,0.026000000000000002,Central and Eastern Europe
2018,108.0,48,Belize,5.956,0.593,0.807,0.474,0.183,
2018,109.0,47,Ecuador,5.973,0.556,0.889,0.736,0.114,Latin America and Caribbean
2018,110.0,46,Italy,6.0,0.281,1.264,0.946,0.13699999999999998,Western Europe
2018,111.0,45,Thailand,6.072,0.637,1.016,0.7070000000000001,0.364,Southeast Asia
2018,112.0,44,Kuwait,6.082999999999999,0.5539999999999999,1.474,0.675,0.16699999999999998,Middle East and North Africa
2018,113.0,43,Uzbekistan,6.096,0.7240000000000001,0.7190000000000001,0.605,0.32799999999999996,Commonwealth of Independent States
2018,114.0,42,Bahrain,6.105,0.594,1.338,0.698,0.243,Middle East and North Africa
2018,115.0,41,Poland,6.122999999999999,0.546,1.176,0.7809999999999999,0.10800000000000001,Central and Eastern Europe
2018,116.0,40,Nicaragua,6.141,0.527,0.6679999999999999,0.7,0.20800000000000002,Latin America and Caribbean
2018,117.0,39,El Salvador,6.167000000000001,0.461,0.8059999999999999,0.639,0.065,Latin America and Caribbean
2018,118.0,38,Slovakia,6.172999999999999,0.354,1.21,0.7759999999999999,0.11800000000000001,Central and Eastern Europe
2018,119.0,37,Trinidad and Tobago,6.192,0.575,1.2229999999999999,0.564,0.171,Latin America and Caribbean
2018,120.0,36,Colombia,6.26,0.531,0.96,0.635,0.099,Latin America and Caribbean
2018,121.0,35,Spain,6.31,0.449,1.251,0.965,0.142,Western Europe
2018,122.0,34,Malaysia,6.322,0.35600000000000004,1.161,0.669,0.311,Southeast Asia
2018,123.0,33,Singapore,6.343,0.631,1.5290000000000001,1.008,0.261,Southeast Asia
2018,124.0,32,Saudi Arabia,6.371,0.509,1.379,0.633,0.098,Middle East and North Africa
2018,125.0,31,Qatar,6.374,0.654,1.649,0.748,0.256,
2018,126.0,30,Uruguay,6.379,0.625,1.093,0.7709999999999999,0.13,Latin America and Caribbean
2018,127.0,29,Guatemala,6.382000000000001,0.604,0.7809999999999999,0.608,0.179,Latin America and Caribbean
2018,128.0,28,Argentina,6.388,0.57,1.073,0.7440000000000001,0.062,Latin America and Caribbean
2018,129.0,27,Brazil,6.419,0.493,0.986,0.675,0.11,Latin America and Caribbean
2018,130.0,26,Panama,6.43,0.597,1.112,0.759,0.125,Latin America and Caribbean
2018,131.0,25,Taiwan,6.441,0.418,1.365,0.857,0.151,East Asia
2018,132.0,24,Chile,6.476,0.431,1.131,0.8079999999999999,0.19699999999999998,Latin America and Caribbean
2018,133.0,23,Mexico,6.4879999999999995,0.479,1.038,0.7609999999999999,0.069,Latin America and Caribbean
2018,134.0,22,France,6.489,0.52,1.2930000000000001,0.9079999999999999,0.098,Western Europe
2018,135.0,21,Malta,6.627000000000001,0.645,1.27,0.884,0.376,Western Europe
2018,136.0,20,Czech Republic,6.711,0.5429999999999999,1.2329999999999999,0.8540000000000001,0.064,Central and Eastern Europe
2018,137.0,19,United Arab Emirates,6.774,0.284,2.096,0.67,0.18600000000000003,Middle East and North Africa
2018,138.0,18,Israel,6.814,0.5329999999999999,1.301,0.883,0.354,Middle East and North Africa
2018,139.0,17,United States,6.886,0.547,1.3980000000000001,0.8190000000000001,0.29100000000000004,North America and ANZ
2018,140.0,16,Luxembourg,6.91,0.632,1.5759999999999998,0.8959999999999999,0.196,Western Europe
2018,141.0,15,Belgium,6.9270000000000005,0.583,1.324,0.894,0.188,Western Europe
2018,142.0,14,Germany,6.965,0.586,1.34,0.861,0.273,Western Europe
2018,143.0,13,Ireland,6.977,0.614,1.4480000000000002,0.8759999999999999,0.307,Western Europe
2018,144.0,12,Costa Rica,7.072,0.632,1.01,0.8170000000000001,0.14300000000000002,Latin America and Caribbean
2018,145.0,11,Austria,7.138999999999999,0.617,1.341,0.8909999999999999,0.242,Western Europe
2018,146.0,10,United Kingdom,7.19,0.46399999999999997,1.244,0.888,0.262,Western Europe
2018,147.0,9,Australia,7.272,0.647,1.34,0.91,0.361,North America and ANZ
2018,148.0,8,Sweden,7.314,0.659,1.355,0.9129999999999999,0.285,Western Europe
2018,149.0,7,New Zealand,7.324,0.669,1.268,0.8759999999999999,0.365,North America and ANZ
2018,150.0,6,Canada,7.327999999999999,0.653,1.33,0.8959999999999999,0.321,North America and ANZ
2018,151.0,5,Netherlands,7.441,0.638,1.361,0.878,0.33299999999999996,Western Europe
2018,152.0,4,Switzerland,7.487,0.66,1.42,0.927,0.256,Western Europe
2018,153.0,3,Iceland,7.495,0.677,1.3430000000000002,0.914,0.353,Western Europe
2018,154.0,2,Denmark,7.555,0.6829999999999999,1.351,0.868,0.284,Western Europe
2018,155.0,1,Norway,7.593999999999999,0.6859999999999999,1.456,0.861,0.28600000000000003,Western Europe
2018,156.0,0,Finland,7.632000000000001,0.6809999999999999,1.305,0.8740000000000001,0.20199999999999999,Western Europe
2019,1.0,155,South Sudan,2.853,0.01,0.306,0.295,0.20199999999999999,Sub-Saharan Africa
2019,2.0,154,Central African Republic,3.083,0.225,0.026000000000000002,0.105,0.235,Sub-Saharan Africa
2019,3.0,153,Afghanistan,3.2030000000000003,0.0,0.35,0.361,0.158,South Asia
2019,4.0,152,Tanzania,3.2310000000000003,0.41700000000000004,0.47600000000000003,0.499,0.276,Sub-Saharan Africa
2019,5.0,151,Rwanda,3.3339999999999996,0.555,0.359,0.614,0.217,Sub-Saharan Africa
2019,6.0,150,Yemen,3.38,0.14300000000000002,0.287,0.46299999999999997,0.10800000000000001,Middle East and North Africa
2019,7.0,149,Malawi,3.41,0.44299999999999995,0.191,0.495,0.218,Sub-Saharan Africa
2019,8.0,148,Syria,3.4619999999999997,0.013000000000000001,0.619,0.44,0.331,
2019,9.0,147,Botswana,3.488,0.455,1.041,0.5379999999999999,0.025,Sub-Saharan Africa
2019,10.0,146,Haiti,3.597,0.026000000000000002,0.32299999999999995,0.449,0.419,Latin America and Caribbean
2019,11.0,145,Zimbabwe,3.6630000000000003,0.361,0.366,0.433,0.151,Sub-Saharan Africa
2019,12.0,144,Burundi,3.775,0.22,0.046,0.38,0.17600000000000002,Sub-Saharan Africa
2019,13.0,143,Lesotho,3.802,0.359,0.489,0.168,0.107,Sub-Saharan Africa
2019,14.0,142,Madagascar,3.9330000000000003,0.14800000000000002,0.27399999999999997,0.555,0.16899999999999998,Sub-Saharan Africa
2019,15.0,141,Comoros,3.9730000000000003,0.142,0.27399999999999997,0.505,0.275,Sub-Saharan Africa
2019,16.0,140,Liberia,3.975,0.37,0.073,0.44299999999999995,0.233,Sub-Saharan Africa
2019,17.0,139,India,4.015,0.498,0.755,0.588,0.2,South Asia
2019,18.0,138,Togo,4.085,0.293,0.275,0.41,0.177,Sub-Saharan Africa
2019,19.0,137,Zambia,4.107,0.431,0.578,0.426,0.247,Sub-Saharan Africa
2019,20.0,136,Egypt,4.166,0.24100000000000002,0.9129999999999999,0.644,0.076,Middle East and North Africa
2019,21.0,135,Uganda,4.189,0.35600000000000004,0.332,0.44299999999999995,0.252,Sub-Saharan Africa
2019,22.0,134,Swaziland,4.212,0.313,0.8109999999999999,0.0,0.07400000000000001,Sub-Saharan Africa
2019,23.0,133,Ethiopia,4.2860000000000005,0.344,0.336,0.532,0.209,Sub-Saharan Africa
2019,24.0,132,Ukraine,4.332,0.17800000000000002,0.82,0.7390000000000001,0.187,Commonwealth of Independent States
2019,25.0,131,Chad,4.35,0.174,0.35,0.192,0.198,Sub-Saharan Africa
2019,26.0,130,Myanmar,4.36,0.525,0.71,0.555,0.5660000000000001,Southeast Asia
2019,27.0,129,Sri Lanka,4.3660000000000005,0.47,0.9490000000000001,0.831,0.244,South Asia
2019,28.0,128,Sierra Leone,4.374,0.309,0.268,0.242,0.252,Sub-Saharan Africa
2019,29.0,127,Mali,4.39,0.327,0.385,0.308,0.153,Sub-Saharan Africa
2019,30.0,126,Congo (Kinshasa),4.418,0.26899999999999996,0.094,0.35700000000000004,0.212,Sub-Saharan Africa
2019,31.0,125,Iraq,4.437,0.24100000000000002,1.043,0.574,0.14800000000000002,Middle East and North Africa
2019,32.0,124,Bangladesh,4.456,0.527,0.562,0.723,0.166,South Asia
2019,33.0,123,Tunisia,4.461,0.16699999999999998,0.9209999999999999,0.815,0.059000000000000004,Middle East and North Africa
2019,34.0,122,Mozambique,4.466,0.494,0.204,0.39,0.19699999999999998,Sub-Saharan Africa
2019,35.0,121,Mauritania,4.49,0.066,0.57,0.489,0.106,Sub-Saharan Africa
2019,36.0,120,Kenya,4.5089999999999995,0.431,0.512,0.581,0.37200000000000005,Sub-Saharan Africa
2019,37.0,119,Gambia,4.516,0.382,0.308,0.428,0.26899999999999996,Sub-Saharan Africa
2019,38.0,118,Georgia,4.519,0.34600000000000003,0.8859999999999999,0.752,0.043,Commonwealth of Independent States
2019,39.0,117,Guinea,4.534,0.332,0.38,0.375,0.207,Sub-Saharan Africa
2019,40.0,116,Iran,4.548,0.305,1.1,0.785,0.27,Middle East and North Africa
2019,41.0,115,Armenia,4.559,0.28300000000000003,0.85,0.815,0.095,Commonwealth of Independent States
2019,42.0,114,Burkina Faso,4.587,0.255,0.331,0.38,0.177,Sub-Saharan Africa
2019,43.0,113,Niger,4.628,0.318,0.138,0.366,0.188,Sub-Saharan Africa
2019,44.0,112,Namibia,4.638999999999999,0.401,0.879,0.47700000000000004,0.07,Sub-Saharan Africa
2019,45.0,111,Somalia,4.668,0.5589999999999999,0.0,0.268,0.243,
2019,46.0,110,Senegal,4.681,0.292,0.45,0.5710000000000001,0.153,Sub-Saharan Africa
2019,47.0,109,Palestinian Territories,4.696000000000001,0.225,0.657,0.672,0.10300000000000001,Middle East and North Africa
2019,48.0,108,Cambodia,4.7,0.609,0.574,0.637,0.23199999999999998,Southeast Asia
2019,49.0,107,Venezuela,4.707,0.154,0.96,0.805,0.064,Latin America and Caribbean
2019,50.0,106,Albania,4.718999999999999,0.38299999999999995,0.9470000000000001,0.8740000000000001,0.17800000000000002,Central and Eastern Europe
2019,51.0,105,South Africa,4.7219999999999995,0.389,0.96,0.469,0.13,Sub-Saharan Africa
2019,52.0,104,Laos,4.796,0.547,0.764,0.551,0.266,Southeast Asia
2019,53.0,103,Gabon,4.7989999999999995,0.295,1.057,0.5710000000000001,0.043,Sub-Saharan Africa
2019,54.0,102,Congo (Brazzaville),4.812,0.37200000000000005,0.6729999999999999,0.508,0.105,Sub-Saharan Africa
2019,55.0,101,Benin,4.883,0.349,0.39299999999999996,0.397,0.175,Sub-Saharan Africa
2019,56.0,100,Jordan,4.906000000000001,0.38299999999999995,0.8370000000000001,0.815,0.11,Middle East and North Africa
2019,57.0,99,Nepal,4.913,0.439,0.446,0.677,0.285,South Asia
2019,58.0,98,Ivory Coast,4.944,0.35200000000000004,0.569,0.23199999999999998,0.154,Sub-Saharan Africa
2019,59.0,97,Ghana,4.996,0.381,0.611,0.486,0.245,Sub-Saharan Africa
2019,60.0,96,Bulgaria,5.011,0.311,1.092,0.815,0.081,Central and Eastern Europe
2019,61.0,95,Cameroon,5.044,0.381,0.5489999999999999,0.331,0.187,Sub-Saharan Africa
2019,62.0,94,Bhutan,5.082,0.457,0.813,0.604,0.37,
2019,63.0,93,Vietnam,5.175,0.5429999999999999,0.741,0.851,0.147,Southeast Asia
2019,64.0,92,China,5.191,0.521,1.0290000000000001,0.893,0.057999999999999996,East Asia
2019,65.0,91,Indonesia,5.192,0.491,0.9309999999999999,0.66,0.498,Southeast Asia
2019,66.0,90,Lebanon,5.197,0.21600000000000003,0.987,0.815,0.166,Middle East and North Africa
2019,67.0,88,Morocco,5.207999999999999,0.418,0.8009999999999999,0.782,0.036000000000000004,Middle East and North Africa
2019,68.0,89,Azerbaijan,5.207999999999999,0.35100000000000003,1.043,0.769,0.035,Commonwealth of Independent States
2019,69.0,87,Algeria,5.211,0.086,1.002,0.785,0.073,Middle East and North Africa
2019,70.0,86,Turkmenistan,5.247000000000001,0.39399999999999996,1.052,0.657,0.244,Commonwealth of Independent States
2019,71.0,85,Kyrgyzstan,5.261,0.508,0.551,0.723,0.3,Commonwealth of Independent States
2019,72.0,84,Nigeria,5.265,0.426,0.696,0.245,0.215,Sub-Saharan Africa
2019,73.0,83,Macedonia,5.274,0.345,0.983,0.838,0.185,Central and Eastern Europe
2019,74.0,82,Mongolia,5.285,0.317,0.948,0.667,0.235,East Asia
2019,75.0,81,Greece,5.287000000000001,0.067,1.181,0.9990000000000001,0.0,Western Europe
2019,76.0,80,Belarus,5.3229999999999995,0.235,1.067,0.789,0.094,Commonwealth of Independent States
2019,77.0,79,Malaysia,5.3389999999999995,0.508,1.2209999999999999,0.828,0.26,Southeast Asia
2019,78.0,78,Turkey,5.372999999999999,0.195,1.183,0.8079999999999999,0.083,Middle East and North Africa
2019,79.0,77,Bosnia and Herzegovina,5.386,0.212,0.945,0.845,0.263,Central and Eastern Europe
2019,80.0,76,Dominican Republic,5.425,0.49700000000000005,1.015,0.779,0.113,Latin America and Caribbean
2019,81.0,75,Hong Kong,5.43,0.44,1.4380000000000002,1.122,0.258,East Asia
2019,82.0,74,Croatia,5.432,0.29600000000000004,1.155,0.914,0.11900000000000001,Central and Eastern Europe
2019,83.0,73,Tajikistan,5.4670000000000005,0.389,0.493,0.718,0.23,Commonwealth of Independent States
2019,84.0,72,Montenegro,5.523,0.19699999999999998,1.051,0.871,0.142,Central and Eastern Europe
2019,85.0,71,Libya,5.525,0.41600000000000004,1.044,0.6729999999999999,0.133,Middle East and North Africa
2019,86.0,70,Moldova,5.529,0.245,0.685,0.7390000000000001,0.18100000000000002,Commonwealth of Independent States
2019,87.0,69,Serbia,5.603,0.282,1.004,0.8540000000000001,0.13699999999999998,Central and Eastern Europe
2019,88.0,68,Philippines,5.631,0.5579999999999999,0.807,0.657,0.11699999999999999,Southeast Asia
2019,89.0,67,Russia,5.648,0.33399999999999996,1.183,0.726,0.08199999999999999,Commonwealth of Independent States
2019,90.0,66,Pakistan,5.653,0.313,0.677,0.535,0.22,South Asia
2019,91.0,65,Portugal,5.693,0.508,1.2209999999999999,0.9990000000000001,0.047,Western Europe
2019,92.0,64,Peru,5.697,0.455,0.96,0.8540000000000001,0.083,Latin America and Caribbean
2019,93.0,63,North Cyprus,5.718,0.41700000000000004,1.263,1.042,0.191,Western Europe
2019,94.0,62,Paraguay,5.742999999999999,0.514,0.855,0.777,0.184,Latin America and Caribbean
2019,95.0,61,Hungary,5.757999999999999,0.19899999999999998,1.2009999999999998,0.828,0.081,Central and Eastern Europe
2019,96.0,60,Bolivia,5.779,0.511,0.7759999999999999,0.706,0.13699999999999998,Latin America and Caribbean
2019,97.0,59,Kazakhstan,5.809,0.41,1.173,0.7290000000000001,0.146,Commonwealth of Independent States
2019,98.0,58,Honduras,5.86,0.507,0.642,0.828,0.24600000000000002,Latin America and Caribbean
2019,99.0,57,Japan,5.886,0.445,1.327,1.088,0.069,East Asia
2019,100.0,56,Mauritius,5.888,0.498,1.12,0.7979999999999999,0.215,Sub-Saharan Africa
2019,101.0,55,Jamaica,5.89,0.49,0.831,0.831,0.107,Latin America and Caribbean
2019,102.0,54,Estonia,5.893,0.495,1.237,0.8740000000000001,0.10300000000000001,Central and Eastern Europe
2019,103.0,53,South Korea,5.895,0.159,1.301,1.036,0.175,East Asia
2019,104.0,52,Latvia,5.94,0.264,1.187,0.812,0.075,Central and Eastern Europe
2019,105.0,51,Thailand,6.007999999999999,0.557,1.05,0.828,0.359,Southeast Asia
2019,106.0,50,Kuwait,6.021,0.493,1.5,0.8079999999999999,0.142,Middle East and North Africa
2019,107.0,49,Ecuador,6.028,0.498,0.912,0.868,0.126,Latin America and Caribbean
2019,108.0,48,Cyprus,6.046,0.406,1.263,1.042,0.19,Western Europe
2019,109.0,47,Romania,6.07,0.462,1.162,0.825,0.083,Central and Eastern Europe
2019,110.0,46,Argentina,6.086,0.47100000000000003,1.092,0.8809999999999999,0.066,Latin America and Caribbean
2019,111.0,45,Kosovo,6.1,0.489,0.882,0.758,0.262,Central and Eastern Europe
2019,112.0,44,Nicaragua,6.105,0.435,0.6940000000000001,0.835,0.2,Latin America and Caribbean
2019,113.0,43,Slovenia,6.117999999999999,0.564,1.258,0.953,0.14400000000000002,Central and Eastern Europe
2019,114.0,42,Colombia,6.125,0.47,0.985,0.841,0.099,Latin America and Caribbean
2019,115.0,41,Lithuania,6.149,0.29100000000000004,1.238,0.818,0.043,Central and Eastern Europe
2019,116.0,40,Uzbekistan,6.1739999999999995,0.631,0.745,0.7559999999999999,0.322,Commonwealth of Independent States
2019,117.0,39,Poland,6.182,0.483,1.206,0.884,0.11699999999999999,Central and Eastern Europe
2019,118.0,38,Trinidad and Tobago,6.192,0.489,1.2309999999999999,0.713,0.185,Latin America and Caribbean
2019,119.0,37,Slovakia,6.1979999999999995,0.33399999999999996,1.246,0.8809999999999999,0.121,Central and Eastern Europe
2019,120.0,36,Bahrain,6.199,0.536,1.3619999999999999,0.871,0.255,Middle East and North Africa
2019,121.0,35,Italy,6.223,0.231,1.294,1.0390000000000001,0.158,Western Europe
2019,122.0,34,El Salvador,6.252999999999999,0.43,0.794,0.789,0.09300000000000001,Latin America and Caribbean
2019,123.0,33,Singapore,6.2620000000000005,0.556,1.5719999999999998,1.141,0.271,Southeast Asia
2019,124.0,32,Uruguay,6.292999999999999,0.523,1.124,0.8909999999999999,0.127,Latin America and Caribbean
2019,125.0,31,Brazil,6.3,0.39,1.004,0.802,0.099,Latin America and Caribbean
2019,126.0,30,Panama,6.321000000000001,0.516,1.149,0.91,0.109,Latin America and Caribbean
2019,127.0,29,Spain,6.354,0.36200000000000004,1.286,1.062,0.153,Western Europe
2019,128.0,28,Qatar,6.374,0.555,1.6840000000000002,0.871,0.22,
2019,129.0,27,Saudi Arabia,6.375,0.439,1.403,0.795,0.08,Middle East and North Africa
2019,130.0,26,Guatemala,6.436,0.535,0.8,0.746,0.175,Latin America and Caribbean
2019,131.0,25,Chile,6.444,0.35700000000000004,1.159,0.92,0.187,Latin America and Caribbean
2019,132.0,24,Taiwan,6.446000000000001,0.35100000000000003,1.368,0.914,0.242,East Asia
2019,133.0,23,France,6.5920000000000005,0.436,1.324,1.045,0.111,Western Europe
2019,134.0,22,Mexico,6.595,0.433,1.07,0.861,0.07400000000000001,Latin America and Caribbean
2019,135.0,21,Malta,6.726,0.564,1.3,0.9990000000000001,0.375,Western Europe
2019,136.0,20,United Arab Emirates,6.825,0.598,1.5030000000000001,0.825,0.262,Middle East and North Africa
2019,137.0,19,Czech Republic,6.852,0.457,1.2690000000000001,0.92,0.046,Central and Eastern Europe
2019,138.0,18,United States,6.892,0.45399999999999996,1.433,0.8740000000000001,0.28,North America and ANZ
2019,139.0,17,Belgium,6.922999999999999,0.473,1.3559999999999999,0.986,0.16,Western Europe
2019,140.0,16,Germany,6.985,0.495,1.3730000000000002,0.987,0.261,Western Europe
2019,141.0,15,Ireland,7.021,0.516,1.499,0.9990000000000001,0.298,Western Europe
2019,142.0,14,United Kingdom,7.053999999999999,0.45,1.3330000000000002,0.996,0.348,Western Europe
2019,143.0,13,Luxembourg,7.09,0.526,1.609,1.012,0.19399999999999998,Western Europe
2019,144.0,12,Israel,7.138999999999999,0.371,1.276,1.0290000000000001,0.261,Middle East and North Africa
2019,145.0,11,Costa Rica,7.167000000000001,0.5579999999999999,1.034,0.963,0.14400000000000002,Latin America and Caribbean
2019,146.0,10,Australia,7.228,0.557,1.3719999999999999,1.036,0.332,North America and ANZ
2019,147.0,9,Austria,7.246,0.532,1.376,1.016,0.244,Western Europe
2019,148.0,8,Canada,7.278,0.584,1.365,1.0390000000000001,0.285,North America and ANZ
2019,149.0,7,New Zealand,7.307,0.585,1.3030000000000002,1.026,0.33,North America and ANZ
2019,150.0,6,Sweden,7.343,0.574,1.3869999999999998,1.0090000000000001,0.267,Western Europe
2019,151.0,5,Switzerland,7.48,0.5720000000000001,1.452,1.052,0.263,Western Europe
2019,152.0,4,Netherlands,7.4879999999999995,0.557,1.396,0.9990000000000001,0.322,Western Europe
2019,153.0,3,Iceland,7.494,0.591,1.38,1.026,0.354,Western Europe
2019,154.0,2,Norway,7.553999999999999,0.603,1.4880000000000002,1.028,0.271,Western Europe
2019,155.0,1,Denmark,7.6,0.5920000000000001,1.383,0.996,0.252,Western Europe
2019,156.0,0,Finland,7.769,0.596,1.34,0.986,0.153,Western Europe
2020,1.0,152,Afghanistan,2.566900015,0.39657300700000003,7.4628605839999995,52.59000015,-0.0964294,South Asia
2020,2.0,151,South Sudan,2.8166000839999996,0.451313615,7.425359726,51.0,0.016518548,Sub-Saharan Africa
2020,3.0,150,Zimbabwe,3.2992000580000003,0.711457908,7.865711688999999,55.61725998,-0.072063953,Sub-Saharan Africa
2020,4.0,149,Rwanda,3.312299967,0.9005894059999999,7.600104332000001,61.09884644,0.055483952,Sub-Saharan Africa
2020,5.0,148,Central African Republic,3.475899935,0.640880644,6.625160217,45.20000076,0.082410358,Sub-Saharan Africa
2020,6.0,147,Tanzania,3.4762001039999997,0.82153976,7.967665195,57.49607468,0.10966868699999999,Sub-Saharan Africa
2020,7.0,146,Botswana,3.4788999560000002,0.8213281040000001,9.711203575,58.92445374,-0.250394493,Sub-Saharan Africa
2020,8.0,145,Yemen,3.5274000169999997,0.599920273,7.759682655,56.72728348,-0.157735437,Middle East and North Africa
2020,9.0,144,Malawi,3.538000107,0.803223193,7.062226295,57.59288788,0.021433279,Sub-Saharan Africa
2020,10.0,143,India,3.573299885,0.8814448709999999,8.849823952000001,60.21518707,0.057551607000000005,South Asia
2020,11.0,142,Lesotho,3.6528000830000003,0.738125861,7.9604883189999995,48.00362396,-0.145732045,Sub-Saharan Africa
2020,12.0,141,Haiti,3.720799923,0.537825167,7.411329268999999,55.59862518,0.40053457,Latin America and Caribbean
2020,13.0,140,Zambia,3.759399891,0.806500256,8.224720001,55.29937744,0.078037128,Sub-Saharan Africa
2020,14.0,139,Burundi,3.775300026,0.626350224,6.492642403,53.40000153,-0.017551597,Sub-Saharan Africa
2020,15.0,138,Sierra Leone,3.926399946,0.715315044,7.26880312,50.86514282,0.088660747,Sub-Saharan Africa
2020,16.0,137,Egypt,4.151400089,0.708354175,9.316541672,61.78015137,-0.196878314,Middle East and North Africa
2020,17.0,136,Madagascar,4.165599823,0.5575740929999999,7.281685829,59.10542679,-0.011823638999999999,Sub-Saharan Africa
2020,18.0,135,Ethiopia,4.186200142,0.740795195,7.5093855860000005,58.63959122,0.043377332000000005,Sub-Saharan Africa
2020,19.0,134,Togo,4.187200069,0.6498286129999999,7.357711315,54.71989822,0.002667875,Sub-Saharan Africa
2020,20.0,133,Comoros,4.288599968,0.547612607,7.833630085,57.34901047,0.09000840800000001,Sub-Saharan Africa
2020,21.0,132,Myanmar,4.308000088,0.895075202,8.680481911000001,58.96171188,0.560663998,Southeast Asia
2020,22.0,131,Swaziland,4.3081002239999995,0.646822274,9.16267395,51.18823624,-0.19920142,Sub-Saharan Africa
2020,23.0,130,Congo (Kinshasa),4.31099987,0.700793564,6.694256306000001,52.90000153,0.083637655,Sub-Saharan Africa
2020,24.0,129,Sri Lanka,4.327000141,0.837633669,9.389969826,67.20006561,0.081129618,South Asia
2020,25.0,128,Mauritania,4.374599934,0.551522553,8.233919144,57.01017761,-0.10600814199999999,Sub-Saharan Africa
2020,26.0,127,Tunisia,4.392199993,0.593361557,9.314972877999999,66.89785767,-0.216413811,Middle East and North Africa
2020,27.0,126,Chad,4.422699928,0.587305248,7.467963696,48.22053909,0.017834719,Sub-Saharan Africa
2020,28.0,125,Uganda,4.43200016,0.7317139509999999,7.500389576,55.70820236,0.099487431,Sub-Saharan Africa
2020,29.0,124,Palestinian Territories,4.552800179,0.645791829,8.389223099,62.25,-0.162079096,Middle East and North Africa
2020,30.0,123,Liberia,4.557899952,0.735268712,7.054380417000001,56.09631348,0.04227322,Sub-Saharan Africa
2020,31.0,122,Ukraine,4.56069994,0.663081884,9.010690689,64.60678101,-0.030933706000000002,Commonwealth of Independent States
2020,32.0,121,Namibia,4.571100235,0.767520964,9.203141212,56.50148773,-0.18530646,Sub-Saharan Africa
2020,33.0,120,Kenya,4.583000183,0.829747558,8.02977562,60.09693146,0.294681519,Sub-Saharan Africa
2020,34.0,119,Mozambique,4.623600006,0.864451885,7.069345951,54.20582199,0.032375867999999995,Sub-Saharan Africa
2020,35.0,118,Jordan,4.6333999630000005,0.75104779,9.025999069,66.79975128,-0.162565202,Middle East and North Africa
2020,36.0,117,Iran,4.672399998,0.647873282,9.813719749,66.00614929,0.11789110300000001,Middle East and North Africa
2020,37.0,116,Georgia,4.672599792,0.8016415240000001,9.226100922,64.49520874,-0.22892037,Commonwealth of Independent States
2020,38.0,115,Armenia,4.676799774,0.7120178340000001,9.100476265,66.75065613,-0.13877961,Commonwealth of Independent States
2020,39.0,114,Nigeria,4.724100113,0.759578407,8.57662487,49.86190796,0.033745807,Sub-Saharan Africa
2020,40.0,113,Mali,4.729300021999999,0.71156615,7.629852295,51.72698212,-0.044366925999999994,Sub-Saharan Africa
2020,41.0,112,Gambia,4.750599861,0.733163178,7.321814537000001,55.01201629999999,0.34319871700000004,Sub-Saharan Africa
2020,42.0,111,Burkina Faso,4.768700123,0.665563583,7.46854496,53.88945389,-0.019080516000000002,Sub-Saharan Africa
2020,43.0,110,Lebanon,4.771500111,0.5513575079999999,9.3617239,67.10658264,-0.06121527,Middle East and North Africa
2020,44.0,109,Iraq,4.7848000530000006,0.633182645,9.661095619,59.90354919,-0.06956476,Middle East and North Africa
2020,45.0,108,South Africa,4.814099789,0.7593300940000001,9.403370857,56.50601196,-0.10977732400000001,Sub-Saharan Africa
2020,46.0,107,Gabon,4.829299927,0.7048292159999999,9.680537224,59.71533966,-0.22226162300000002,Sub-Saharan Africa
2020,47.0,106,Bangladesh,4.832799911,0.90062499,8.287063599,64.50306702,-0.033664726,South Asia
2020,48.0,105,Cambodia,4.8484001160000005,0.9597046379999999,8.249890327000001,61.52996826,0.051911179,Southeast Asia
2020,49.0,104,Albania,4.882699966000001,0.7819942240000001,9.417930603,68.70813751,-0.042309489000000006,Central and Eastern Europe
2020,50.0,103,Laos,4.888599873,0.907213569,8.79858017,58.70992279,0.11137148,Southeast Asia
2020,51.0,102,Niger,4.909599781,0.759772122,6.842166901000001,53.50009537,0.013860817,Sub-Saharan Africa
2020,52.0,101,Guinea,4.949299812,0.7068467740000001,7.750990391,54.46780014,0.076328471,Sub-Saharan Africa
2020,53.0,100,Senegal,4.980800152,0.6905961629999999,8.118982315,59.59915161,-0.052335154,Sub-Saharan Africa
2020,54.0,99,Algeria,5.005099773,0.46661090899999996,9.537964821000001,65.90517426,-0.121105164,Middle East and North Africa
2020,55.0,98,Venezuela,5.053199768,0.62327832,8.977793693999999,66.50534058,-0.16909050899999997,Latin America and Caribbean
2020,56.0,97,Cameroon,5.084899902,0.7630518079999999,8.118647575,52.704940799999996,-0.00149645,Sub-Saharan Africa
2020,57.0,96,Morocco,5.094799995,0.772072434,8.940313339,65.89624023,-0.240377247,Middle East and North Africa
2020,58.0,95,Bulgaria,5.101500034,0.745178163,9.869318962000001,66.80397797,-0.143908441,Central and Eastern Europe
2020,59.0,94,Turkmenistan,5.119100093999999,0.8264570240000001,9.74803257,62.21170807,0.187671542,Commonwealth of Independent States
2020,60.0,93,China,5.123899937,0.898517907,9.688568115,69.2891922,-0.18142575,East Asia
2020,61.0,92,Turkey,5.131800175,0.6088304520000001,10.12941933,66.90281677,-0.17104643600000002,Middle East and North Africa
2020,62.0,91,Nepal,5.137199879,0.797565043,7.925357342000001,63.77917862,0.154168829,South Asia
2020,63.0,90,Ghana,5.1479997630000005,0.794796526,8.350645065,57.20398712,0.09417085300000001,Sub-Saharan Africa
2020,64.0,89,Macedonia,5.1598000530000006,0.738840938,9.510591507000001,67.50442505,-0.019877451,Central and Eastern Europe
2020,65.0,88,Azerbaijan,5.164800167,0.786824107,9.687726974,65.50839996,-0.24025528100000001,Commonwealth of Independent States
2020,66.0,87,Congo (Brazzaville),5.1943998339999995,0.7190585140000001,8.536987305,57.92448044,-0.123674095,Sub-Saharan Africa
2020,67.0,86,Maldives,5.197599888,0.8539627790000001,9.518632889,70.59999847,0.038085497999999995,South Asia
2020,68.0,85,Benin,5.21600008,0.735182583,7.674319744,54.31246567,-0.003537213,Sub-Saharan Africa
2020,69.0,84,Ivory Coast,5.233300208999999,0.727909327,8.225561142,49.50377274,-0.043991156,Sub-Saharan Africa
2020,70.0,83,Indonesia,5.285600185,0.8706144090000001,9.36975193,62.15584946,0.519586504,Southeast Asia
2020,71.0,82,Vietnam,5.353499889,0.939592957,8.809545517,67.95273590000001,-0.094533332,Southeast Asia
2020,72.0,81,Malaysia,5.384300232,0.8946268559999999,10.26251888,67.10215759,0.11472679699999999,Southeast Asia
2020,73.0,80,Mongolia,5.4562001229999995,0.693351328,9.412186623,62.30448532,0.09809386699999999,East Asia
2020,74.0,79,Libya,5.488800049,0.773157001,9.789815903,62.29999924,-0.085054487,Middle East and North Africa
2020,75.0,78,Croatia,5.504700184,0.714838803,10.07087517,70.21490479,-0.128538325,Central and Eastern Europe
2020,76.0,77,Hong Kong,5.510399818,0.7798337940000001,10.934671400000001,76.77170563,0.134979904,East Asia
2020,77.0,76,Greece,5.514999866,0.5413451189999999,10.13232613,72.40525818,-0.30090737300000003,Western Europe
2020,78.0,75,North Cyprus,5.53550005,0.79529351,10.40570259,73.70222473,0.00022715900000000003,Western Europe
2020,79.0,74,Belarus,5.539899826,0.6391630770000001,9.779945374,66.10433197,-0.164926544,Commonwealth of Independent States
2020,80.0,73,Kyrgyzstan,5.541500092000001,0.909374893,8.148405075,64.10601044,0.15477205800000002,Commonwealth of Independent States
2020,81.0,72,Russia,5.546000004,0.729892612,10.12887192,64.10045624,-0.151153743,Commonwealth of Independent States
2020,82.0,71,Montenegro,5.54610014,0.649565637,9.751860619,68.50534821,-0.075600356,Central and Eastern Europe
2020,83.0,70,Tajikistan,5.555699825,0.831383407,8.024810791,64.10459137,-0.025088511,Commonwealth of Independent States
2020,84.0,69,Moldova,5.607500076,0.721609175,8.776714325,65.01301575,-0.037741039,Commonwealth of Independent States
2020,85.0,68,Bosnia and Herzegovina,5.674099922000001,0.651352704,9.455817223,67.80813599,0.098274559,Central and Eastern Europe
2020,86.0,67,Dominican Republic,5.6891999239999995,0.8662027720000001,9.664880753,65.80748749,-0.131263286,Latin America and Caribbean
2020,87.0,66,Paraguay,5.6921000479999995,0.885923445,9.389982224,65.63993835,0.007997713,Latin America and Caribbean
2020,88.0,65,Pakistan,5.69329977,0.734833717,8.482727051,58.25313568,0.04489987,South Asia
2020,89.0,64,Bolivia,5.747499942999999,0.875873327,8.851115227000001,63.6004715,-0.09168113,Latin America and Caribbean
2020,90.0,63,Serbia,5.77820015,0.726495862,9.680980682000001,68.21020508,-0.073676221,Central and Eastern Europe
2020,91.0,62,Peru,5.796800137000001,0.8247660990000001,9.456313133,68.10023499,-0.16238822,Latin America and Caribbean
2020,92.0,61,Japan,5.870800018,0.8099613790000001,10.57968903,75.00096893,-0.24691034899999997,East Asia
2020,93.0,60,South Korea,5.872399807000001,0.6129651070000001,10.51056671,73.60272979999999,-0.043404032,East Asia
2020,94.0,59,Jamaica,5.889800072000001,0.8580685259999999,9.006250381000001,67.09999847,-0.12510676699999998,Latin America and Caribbean
2020,95.0,58,Portugal,5.9109001160000005,0.8887478109999999,10.26374245,72.40202332,-0.220714301,Western Europe
2020,96.0,57,Ecuador,5.925199986,0.8598289490000001,9.246058463999999,68.50003815,-0.127014965,Latin America and Caribbean
2020,97.0,56,Latvia,5.9499998089999995,0.671237648,10.17531967,66.8074646,-0.186888844,Central and Eastern Europe
2020,98.0,55,Honduras,5.953199862999999,0.870603263,8.424534798,67.19876862,0.086969115,Latin America and Caribbean
2020,99.0,54,Argentina,5.974699974,0.831132412,9.810955048,68.80380249,-0.194913864,Latin America and Caribbean
2020,100.0,53,Thailand,5.9987998010000005,0.905063033,9.741791725,67.25059509,0.268685192,Southeast Asia
2020,101.0,52,Hungary,6.000400066,0.718964577,10.24924374,67.60997009,-0.19432301800000001,Central and Eastern Europe
2020,102.0,51,Philippines,6.006000042,0.915463448,8.993545532,61.92676163,-0.105463006,Southeast Asia
2020,103.0,50,Estonia,6.0218000410000005,0.87770915,10.34001732,68.60495758,-0.111697771,Central and Eastern Europe
2020,104.0,49,Kazakhstan,6.0578999520000005,0.811601937,10.11465836,64.60996246,-0.068488635,Commonwealth of Independent States
2020,105.0,48,Mauritius,6.101299762999999,0.889534533,9.956786156,66.40434265,-0.018318573,Sub-Saharan Africa
2020,106.0,47,Kuwait,6.102099895,0.8723664879999999,11.08982468,66.76764679,-0.100184701,Middle East and North Africa
2020,107.0,46,Romania,6.123700142000001,0.842823207,10.107584,67.20723724,-0.19781521,Central and Eastern Europe
2020,108.0,45,Nicaragua,6.13710022,0.8639028670000001,8.493160247999999,67.50717926,0.020959141,Latin America and Caribbean
2020,109.0,44,Cyprus,6.15899992,0.7798582909999999,10.40570259,73.70222473,0.043731495999999995,Western Europe
2020,110.0,43,Colombia,6.163400172999999,0.8361799120000001,9.500369072,67.69958496,-0.161235645,Latin America and Caribbean
2020,111.0,42,Poland,6.1862998010000005,0.8620557790000001,10.26512432,69.31113434,-0.205084071,Central and Eastern Europe
2020,112.0,41,Trinidad and Tobago,6.1918997760000005,0.8579071159999999,10.26000214,63.5,0.000526841,Latin America and Caribbean
2020,113.0,40,Lithuania,6.215499877999999,0.747381449,10.34362602,67.29407501,-0.21972529600000001,Central and Eastern Europe
2020,114.0,39,Bahrain,6.227300167,0.905855775,10.67638016,68.5,0.13372919,Middle East and North Africa
2020,115.0,38,Chile,6.228499889,0.7448962929999999,10.0320549,69.90061951,-0.065668367,Latin America and Caribbean
2020,116.0,37,Uzbekistan,6.257599831,0.974998116,8.740371704,65.10757446,0.248427153,Commonwealth of Independent States
2020,117.0,36,Slovakia,6.280600071,0.7499526740000001,10.34774971,68.90634155,-0.12440930300000001,Central and Eastern Europe
2020,118.0,35,Panama,6.304800033999999,0.880366504,10.03423405,69.60301208,-0.153927714,Latin America and Caribbean
2020,119.0,34,Kosovo,6.325200081,0.861535907,9.204429626,63.88555527,0.19093376399999998,Central and Eastern Europe
2020,120.0,33,El Salvador,6.34829998,0.833805263,8.909075737,66.10826111,-0.12107297800000001,Latin America and Caribbean
2020,121.0,32,Slovenia,6.363399982000001,0.936142623,10.39232254,71.1029892,-0.080603383,Central and Eastern Europe
2020,122.0,31,Brazil,6.375599861,0.799804807,9.56643486,66.48016357,-0.10181239199999999,Latin America and Caribbean
2020,123.0,30,Singapore,6.377099991000001,0.926645339,11.39552116,76.80458069,0.029879224,Southeast Asia
2020,124.0,29,Italy,6.38740015,0.66465199,10.48183632,73.60168457,-0.04346099900000001,Western Europe
2020,125.0,28,Guatemala,6.398900032,0.9081475729999999,8.924805641,64.8089447,-0.042938665,Latin America and Caribbean
2020,126.0,27,Spain,6.4008998870000005,0.751989543,10.46292686,74.40270996,-0.050961714000000005,Western Europe
2020,127.0,26,Saudi Arabia,6.406499863,0.854191244,10.79781246,66.30514526,-0.16869506199999998,Middle East and North Africa
2020,128.0,25,Uruguay,6.440100192999999,0.892395437,9.948192596,69.00254822,-0.101103112,Latin America and Caribbean
2020,129.0,24,Taiwan,6.45539999,0.77153033,10.77568531,69.59999847,-0.07319869799999999,East Asia
2020,130.0,23,Mexico,6.465000152999999,0.8587092759999999,9.797797203,68.29902649,-0.175266623,Latin America and Caribbean
2020,131.0,22,France,6.663799762999999,0.8254676459999999,10.58422279,73.80193329,-0.130641967,Western Europe
2020,132.0,21,Malta,6.772799968999999,0.9249114390000001,10.53383827,72.19999695,0.214965805,Western Europe
2020,133.0,20,United Arab Emirates,6.790800095,0.941345513,11.1099987,67.08278656,0.123450845,Middle East and North Africa
2020,134.0,19,Belgium,6.863500117999999,0.813582063,10.673639300000001,72.00164795,-0.078691199,Western Europe
2020,135.0,18,Czech Republic,6.9109001160000005,0.818537354,10.40416336,70.04793549,-0.230861515,Central and Eastern Europe
2020,136.0,17,United States,6.939599991000001,0.842619538,10.92576885,68.29949951,0.149891734,North America and ANZ
2020,137.0,16,Germany,7.075799942000001,0.867371082,10.7328186,72.20201874,0.08017938599999999,Western Europe
2020,138.0,15,Ireland,7.093699932000001,0.8869829770000001,11.16097832,72.30078888,0.145784974,Western Europe
2020,139.0,14,Costa Rica,7.121399879,0.9347389340000001,9.658156395,71.29985046,-0.10242971,Latin America and Caribbean
2020,140.0,13,Israel,7.128600121,0.7475805879999999,10.41752529,73.20025635,0.10259372,Middle East and North Africa
2020,141.0,12,United Kingdom,7.164500237,0.834743679,10.60013485,72.30160522,0.263732493,Western Europe
2020,142.0,11,Australia,7.222799778,0.915431738,10.72059631,73.60453796,0.19046016,North America and ANZ
2020,143.0,10,Canada,7.23210001,0.9339132309999999,10.69236851,73.60160065,0.124770768,North America and ANZ
2020,144.0,9,Luxembourg,7.2375001910000005,0.90563643,11.45068073,72.59999847,-0.004620588,Western Europe
2020,145.0,8,Austria,7.294199944,0.899989486,10.7428236,73.00250244,0.085429221,Western Europe
2020,146.0,7,New Zealand,7.2996001239999995,0.9362174870000001,10.50094318,73.20262909,0.191598073,North America and ANZ
2020,147.0,6,Sweden,7.353499889,0.939144194,10.75879383,72.60076904,0.111614622,Western Europe
2020,148.0,5,Netherlands,7.448900223,0.908547819,10.81271172,72.30091858,0.20761244,Western Europe
2020,149.0,4,Norway,7.487999916000001,0.955750287,11.08780384,73.20078278,0.13453263,Western Europe
2020,150.0,3,Iceland,7.504499912000001,0.948891878,10.77255917,73.0,0.246944219,Western Europe
2020,151.0,2,Switzerland,7.559899807000001,0.921336651,10.97993279,74.10244751,0.105911039,Western Europe
2020,152.0,1,Denmark,7.645599842,0.9514442679999999,10.77400112,72.40250397,0.06620177599999999,Western Europe
2020,153.0,0,Finland,7.808700085,0.949172199,10.63926697,71.9008255,-0.059482019000000004,Western Europe
2021,1.0,148,Afghanistan,2.523,0.382,7.695,52.493,-0.102,South Asia
2021,2.0,147,Zimbabwe,3.145,0.677,7.943,56.201,-0.047,Sub-Saharan Africa
2021,3.0,146,Rwanda,3.415,0.897,7.676,61.4,0.061,Sub-Saharan Africa
2021,4.0,145,Botswana,3.467,0.8240000000000001,9.782,59.269,-0.24600000000000002,Sub-Saharan Africa
2021,5.0,144,Lesotho,3.512,0.715,7.926,48.7,-0.131,Sub-Saharan Africa
2021,6.0,143,Malawi,3.6,0.78,6.957999999999999,57.948,0.038,Sub-Saharan Africa
2021,7.0,142,Haiti,3.615,0.593,7.477,55.7,0.42200000000000004,Latin America and Caribbean
2021,8.0,141,Tanzania,3.623,0.833,7.876,57.998999999999995,0.183,Sub-Saharan Africa
2021,9.0,140,Yemen,3.658,0.602,7.577999999999999,57.122,-0.147,Middle East and North Africa
2021,10.0,139,Burundi,3.775,0.626,6.635,53.4,-0.024,Sub-Saharan Africa
2021,11.0,138,India,3.819,0.893,8.755,60.633,0.08900000000000001,South Asia
2021,12.0,137,Sierra Leone,3.8489999999999998,0.7170000000000001,7.434,51.651,0.084,Sub-Saharan Africa
2021,13.0,136,Zambia,4.073,0.782,8.145,55.809,0.061,Sub-Saharan Africa
2021,14.0,135,Togo,4.107,0.619,7.362,54.913999999999994,0.032,Sub-Saharan Africa
2021,15.0,134,Madagascar,4.208,0.552,7.396,59.305,-0.005,Sub-Saharan Africa
2021,16.0,133,Mauritania,4.227,0.561,8.542,57.161,-0.106,Sub-Saharan Africa
2021,17.0,132,Ethiopia,4.275,0.752,7.694,59.0,0.08199999999999999,Sub-Saharan Africa
2021,18.0,131,Egypt,4.283,0.7490000000000001,9.367,61.998000000000005,-0.182,Middle East and North Africa
2021,19.0,130,Comoros,4.289,0.5479999999999999,8.031,57.349,0.08199999999999999,Sub-Saharan Africa
2021,20.0,129,Swaziland,4.308,0.647,9.065,50.833,-0.185,Sub-Saharan Africa
2021,21.0,128,Sri Lanka,4.325,0.841,9.47,67.29899999999999,0.079,South Asia
2021,22.0,127,Chad,4.355,0.579,7.364,48.478,0.040999999999999995,Sub-Saharan Africa
2021,23.0,126,Jordan,4.395,0.755,9.182,67.0,-0.16699999999999998,Middle East and North Africa
2021,24.0,125,Myanmar,4.426,0.8759999999999999,8.541,59.302,0.509,Southeast Asia
2021,25.0,124,Palestinian Territories,4.5169999999999995,0.653,8.485,62.25,-0.163,Middle East and North Africa
2021,26.0,123,Namibia,4.574,0.7190000000000001,9.161,56.799,-0.149,Sub-Saharan Africa
2021,27.0,122,Lebanon,4.584,0.525,9.626,67.355,-0.073,Middle East and North Africa
2021,28.0,121,Tunisia,4.596,0.6559999999999999,9.266,67.20100000000001,-0.201,Middle East and North Africa
2021,29.0,120,Kenya,4.607,0.779,8.361,60.70399999999999,0.287,Sub-Saharan Africa
2021,30.0,119,Liberia,4.625,0.735,7.287999999999999,56.498000000000005,0.05,Sub-Saharan Africa
2021,31.0,118,Uganda,4.636,0.7090000000000001,7.6770000000000005,56.101000000000006,0.122,Sub-Saharan Africa
2021,32.0,117,Iran,4.721,0.608,9.584,66.3,0.218,Middle East and North Africa
2021,33.0,116,Mali,4.723,0.6970000000000001,7.744,51.968999999999994,-0.036000000000000004,Sub-Saharan Africa
2021,34.0,115,Nigeria,4.7589999999999995,0.737,8.533,50.102,0.037000000000000005,Sub-Saharan Africa
2021,35.0,114,Mozambique,4.794,0.882,7.1579999999999995,54.706,0.061,Sub-Saharan Africa
2021,36.0,113,Cambodia,4.83,0.9590000000000001,8.36,62.0,0.034,Southeast Asia
2021,37.0,112,Burkina Faso,4.834,0.695,7.678,54.151,-0.009000000000000001,Sub-Saharan Africa
2021,38.0,111,Gabon,4.852,0.731,9.603,59.961999999999996,-0.2,Sub-Saharan Africa
2021,39.0,110,Iraq,4.854,0.63,9.24,60.583,-0.053,Middle East and North Africa
2021,40.0,109,Ukraine,4.875,0.7240000000000001,9.436,64.902,-0.011000000000000001,Commonwealth of Independent States
2021,41.0,108,Algeria,4.887,0.48,9.342,66.005,-0.067,Middle East and North Africa
2021,42.0,107,Georgia,4.891,0.7829999999999999,9.585,64.3,-0.23800000000000002,Commonwealth of Independent States
2021,43.0,106,Venezuela,4.8919999999999995,0.615,9.073,66.7,-0.16899999999999998,Latin America and Caribbean
2021,44.0,105,Morocco,4.918,0.774,8.902999999999999,66.208,-0.23600000000000002,Middle East and North Africa
2021,45.0,104,Pakistan,4.934,0.726,8.458,58.708999999999996,0.098,South Asia
2021,46.0,103,Turkey,4.948,0.5760000000000001,10.24,67.199,-0.139,Middle East and North Africa
2021,47.0,102,South Africa,4.956,0.7490000000000001,9.402999999999999,56.903999999999996,-0.067,Sub-Saharan Africa
2021,48.0,101,Guinea,4.984,0.6970000000000001,7.837999999999999,55.008,0.095,Sub-Saharan Africa
2021,49.0,100,Bangladesh,5.025,0.877,8.454,64.8,-0.040999999999999995,South Asia
2021,50.0,99,Laos,5.03,0.91,8.947000000000001,58.968,0.12300000000000001,Southeast Asia
2021,51.0,98,Benin,5.045,0.757,8.087,54.713,-0.034,Sub-Saharan Africa
2021,52.0,97,Gambia,5.051,0.6970000000000001,7.686,55.16,0.424,Sub-Saharan Africa
2021,53.0,96,Turkmenistan,5.066,0.877,9.629,62.409,0.273,Commonwealth of Independent States
2021,54.0,95,Niger,5.074,0.8059999999999999,7.098,53.78,0.018000000000000002,Sub-Saharan Africa
2021,55.0,94,Ghana,5.088,0.807,8.58,57.586000000000006,0.12300000000000001,Sub-Saharan Africa
2021,56.0,93,Macedonia,5.101,0.7509999999999999,9.693,65.47399999999999,0.038,Central and Eastern Europe
2021,57.0,92,Albania,5.117,0.785,9.52,68.999,-0.03,Central and Eastern Europe
2021,58.0,91,Senegal,5.132000000000001,0.695,8.118,59.802,-0.046,Sub-Saharan Africa
2021,59.0,90,Cameroon,5.142,0.731,8.189,53.515,0.026000000000000002,Sub-Saharan Africa
2021,60.0,89,Azerbaijan,5.171,0.8140000000000001,9.568999999999999,65.656,-0.223,Commonwealth of Independent States
2021,61.0,88,Maldives,5.1979999999999995,0.8540000000000001,9.826,70.6,0.024,South Asia
2021,62.0,87,Bulgaria,5.266,0.7879999999999999,10.016,67.0,-0.096,Central and Eastern Europe
2021,63.0,86,Nepal,5.269,0.782,8.12,64.233,0.152,South Asia
2021,64.0,85,Armenia,5.2829999999999995,0.825,9.487,67.055,-0.168,Commonwealth of Independent States
2021,65.0,84,Ivory Coast,5.306,0.741,8.551,50.114,-0.016,Sub-Saharan Africa
2021,66.0,83,China,5.3389999999999995,0.904,9.673,69.593,-0.146,East Asia
2021,67.0,82,Congo (Brazzaville),5.3420000000000005,0.695,8.117,58.221000000000004,-0.068,Sub-Saharan Africa
2021,68.0,81,Indonesia,5.345,0.873,9.365,62.236000000000004,0.542,Southeast Asia
2021,69.0,80,Malaysia,5.3839999999999995,0.895,10.238,67.102,0.125,Southeast Asia
2021,70.0,79,Libya,5.41,0.7709999999999999,9.622,62.3,-0.087,Middle East and North Africa
2021,71.0,78,Vietnam,5.4110000000000005,0.94,8.972999999999999,68.03399999999999,-0.098,Southeast Asia
2021,72.0,77,Tajikistan,5.466,0.8320000000000001,8.091000000000001,64.281,-0.055999999999999994,Commonwealth of Independent States
2021,73.0,75,Russia,5.477,0.718,10.189,64.703,-0.111,Commonwealth of Independent States
2021,74.0,76,Hong Kong,5.477,0.7170000000000001,11.0,76.82,0.067,East Asia
2021,75.0,74,Belarus,5.534,0.65,9.853,66.253,-0.18,Commonwealth of Independent States
2021,76.0,73,North Cyprus,5.5360000000000005,0.795,10.575999999999999,73.898,0.012,Western Europe
2021,77.0,72,Dominican Republic,5.545,0.86,9.802,66.102,-0.133,Latin America and Caribbean
2021,78.0,71,Montenegro,5.581,0.708,9.94,68.699,-0.034,Central and Eastern Europe
2021,79.0,70,Paraguay,5.653,0.8759999999999999,9.448,65.9,0.027999999999999997,Latin America and Caribbean
2021,80.0,69,Mongolia,5.6770000000000005,0.708,9.4,62.5,0.11599999999999999,East Asia
2021,81.0,68,Bolivia,5.716,0.875,9.046,63.901,-0.077,Latin America and Caribbean
2021,82.0,67,Greece,5.723,0.5820000000000001,10.279000000000002,72.6,-0.28800000000000003,Western Europe
2021,83.0,66,Kyrgyzstan,5.744,0.935,8.538,64.40100000000001,0.11900000000000001,Commonwealth of Independent States
2021,84.0,65,Ecuador,5.763999999999999,0.8420000000000001,9.312999999999999,68.8,-0.124,Latin America and Caribbean
2021,85.0,64,Moldova,5.766,0.8220000000000001,9.454,65.699,-0.079,Commonwealth of Independent States
2021,86.0,63,Bosnia and Herzegovina,5.813,0.706,9.59,68.098,0.113,Central and Eastern Europe
2021,87.0,62,Peru,5.84,0.8220000000000001,9.458,68.25,-0.154,Latin America and Caribbean
2021,88.0,61,South Korea,5.845,0.672,10.651,73.9,-0.083,East Asia
2021,89.0,60,Philippines,5.88,0.917,9.076,62.0,-0.09699999999999999,Southeast Asia
2021,90.0,59,Croatia,5.882000000000001,0.754,10.217,70.79899999999999,-0.11800000000000001,Central and Eastern Europe
2021,91.0,58,Honduras,5.919,0.857,8.648,67.3,0.081,Latin America and Caribbean
2021,92.0,56,Argentina,5.928999999999999,0.828,9.962,69.0,-0.182,Latin America and Caribbean
2021,93.0,57,Portugal,5.928999999999999,0.892,10.421,72.6,-0.244,Western Europe
2021,94.0,55,Japan,5.94,0.7959999999999999,10.610999999999999,75.1,-0.258,East Asia
2021,95.0,54,Nicaragua,5.972,0.836,8.62,67.657,0.02,Latin America and Caribbean
2021,96.0,53,Thailand,5.985,0.884,9.805,67.40100000000001,0.287,Southeast Asia
2021,97.0,52,Hungary,5.992000000000001,0.755,10.357999999999999,68.0,-0.18600000000000003,Central and Eastern Europe
2021,98.0,51,Colombia,6.0120000000000005,0.8370000000000001,9.557,68.001,-0.135,Latin America and Caribbean
2021,99.0,50,Latvia,6.032,0.715,10.315,67.1,-0.162,Central and Eastern Europe
2021,100.0,49,Mauritius,6.0489999999999995,0.867,10.008,66.70100000000001,-0.054000000000000006,Sub-Saharan Africa
2021,101.0,48,El Salvador,6.061,0.888,9.054,66.402,-0.11,Latin America and Caribbean
2021,102.0,47,Serbia,6.077999999999999,0.778,9.787,68.6,0.002,Central and Eastern Europe
2021,103.0,46,Kuwait,6.106,0.867,10.817,66.9,-0.10400000000000001,Middle East and North Africa
2021,104.0,45,Romania,6.14,0.845,10.284,67.355,-0.21899999999999997,Central and Eastern Europe
2021,105.0,44,Kazakhstan,6.152,0.853,10.155,65.2,-0.069,Commonwealth of Independent States
2021,106.0,43,Poland,6.166,0.841,10.382,69.702,-0.165,Central and Eastern Europe
2021,107.0,42,Chile,6.172000000000001,0.742,10.071,70.0,-0.044000000000000004,Latin America and Caribbean
2021,108.0,41,Uzbekistan,6.178999999999999,0.97,8.836,65.255,0.311,Commonwealth of Independent States
2021,109.0,40,Panama,6.18,0.872,10.35,69.652,-0.166,Latin America and Caribbean
2021,110.0,39,Estonia,6.189,0.909,10.481,68.8,-0.106,Central and Eastern Europe
2021,111.0,38,Cyprus,6.223,0.763,10.575999999999999,73.898,-0.015,Western Europe
2021,112.0,37,Lithuania,6.255,0.773,10.499,67.906,-0.203,Central and Eastern Europe
2021,113.0,36,Jamaica,6.309,0.89,9.186,67.5,-0.13699999999999998,Latin America and Caribbean
2021,114.0,35,Mexico,6.317,0.862,9.859,68.597,-0.147,Latin America and Caribbean
2021,115.0,34,Brazil,6.33,0.804,9.577,66.601,-0.071,Latin America and Caribbean
2021,116.0,33,Slovakia,6.331,0.7659999999999999,10.369000000000002,69.20100000000001,-0.124,Central and Eastern Europe
2021,117.0,32,Kosovo,6.372000000000001,0.8690000000000001,9.318,63.813,0.257,Central and Eastern Europe
2021,118.0,31,Singapore,6.377000000000001,0.927,11.488,76.953,-0.018000000000000002,Southeast Asia
2021,119.0,30,Uruguay,6.431,0.8959999999999999,9.966000000000001,69.1,-0.092,Latin America and Caribbean
2021,120.0,29,Guatemala,6.435,0.9059999999999999,9.052999999999999,64.958,-0.038,Latin America and Caribbean
2021,121.0,28,Slovenia,6.461,0.9490000000000001,10.529000000000002,71.4,-0.10099999999999999,Central and Eastern Europe
2021,122.0,27,Italy,6.483,0.693,10.623,73.8,-0.084,Western Europe
2021,123.0,26,Spain,6.4910000000000005,0.7609999999999999,10.571,74.7,-0.081,Western Europe
2021,124.0,25,Saudi Arabia,6.494,0.877,10.743,66.60300000000001,-0.149,Middle East and North Africa
2021,125.0,24,United Arab Emirates,6.561,0.932,11.085,67.333,0.07400000000000001,Middle East and North Africa
2021,126.0,23,Taiwan,6.584,0.784,10.870999999999999,69.6,-0.07,East Asia
2021,127.0,22,Malta,6.602,0.927,10.674000000000001,72.2,0.133,Western Europe
2021,128.0,21,Bahrain,6.647,0.925,10.669,69.495,0.08900000000000001,Middle East and North Africa
2021,129.0,20,France,6.69,0.8220000000000001,10.704,74.0,-0.147,Western Europe
2021,130.0,19,Belgium,6.834,0.7829999999999999,10.823,72.199,-0.153,Western Europe
2021,131.0,18,United States,6.9510000000000005,0.8370000000000001,11.023,68.2,0.098,North America and ANZ
2021,132.0,17,Czech Republic,6.965,0.858,10.556,70.807,-0.20800000000000002,Central and Eastern Europe
2021,133.0,16,United Kingdom,7.064,0.8590000000000001,10.707,72.5,0.233,Western Europe
2021,134.0,15,Costa Rica,7.069,0.934,9.88,71.4,-0.126,Latin America and Caribbean
2021,135.0,14,Ireland,7.085,0.879,11.342,72.4,0.077,Western Europe
2021,136.0,13,Canada,7.103,0.915,10.776,73.8,0.08900000000000001,North America and ANZ
2021,137.0,12,Germany,7.155,0.875,10.873,72.5,0.011000000000000001,Western Europe
2021,138.0,11,Israel,7.157,0.8,10.575,73.503,0.031,Middle East and North Africa
2021,139.0,10,Australia,7.183,0.914,10.796,73.9,0.159,North America and ANZ
2021,140.0,9,Austria,7.268,0.9079999999999999,10.905999999999999,73.3,0.042,Western Europe
2021,141.0,8,New Zealand,7.277,0.929,10.642999999999999,73.4,0.134,North America and ANZ
2021,142.0,7,Luxembourg,7.324,0.907,11.647,72.6,-0.034,Western Europe
2021,143.0,6,Sweden,7.3629999999999995,0.945,10.867,72.7,0.086,Western Europe
2021,144.0,5,Norway,7.392,0.96,11.052999999999999,73.3,0.09300000000000001,Western Europe
2021,145.0,4,Netherlands,7.4639999999999995,0.9129999999999999,10.932,72.4,0.175,Western Europe
2021,146.0,3,Iceland,7.553999999999999,0.955,10.878,73.0,0.16,Western Europe
2021,147.0,2,Switzerland,7.571000000000001,0.919,11.117,74.4,0.025,Western Europe
2021,148.0,1,Denmark,7.62,0.946,10.933,72.7,0.03,Western Europe
2021,149.0,0,Finland,7.8420000000000005,0.9490000000000001,10.775,72.0,-0.098,Western Europe
