Country,Ladder Score 2017,Ladder Score 2018,Ladder Score 2019,Ladder Score 2020,Ladder Score 2021,GDP 2017,GDP 2018,GDP 2019,GDP 2020,GDP 2021,Life Expectancy 2017,Life Expectancy 2018,Life Expectancy 2019,Life Expectancy 2020,Life Expectancy 2021,Freedom 2017,Freedom 2018,Freedom 2019,Freedom 2020,Freedom 2021,Generosity 2017,Generosity 2018,Generosity 2019,Generosity 2020,Generosity 2021,Year 2017,Year 2018,Year 2019,Year 2020,Year 2021,GDP 2017 Ranking,GDP 2018 Ranking,GDP 2019 Ranking,GDP 2020 Ranking,GDP 2021 Ranking,Life Expectancy Ranking 2017,Life Expectancy Ranking 2018,Life Expectancy Ranking 2019,Life Expectancy Ranking 2020,Life Expectancy Ranking 2021,Ladder Score Ranking 2017,Ladder Score Ranking 2018,Ladder Score Ranking 2019,Ladder Score Ranking 2020,Ladder Score Ranking 2021,Freedom Ranking 2017,Freedom Ranking 2018,Freedom Ranking 2019,Freedom Ranking 2020,Freedom Ranking 2021,Generosity Ranking 2017,Generosity Ranking 2018,Generosity Ranking 2019,Generosity Ranking 2020,Generosity Ranking 2021
Indonesia,5.262000083999999,5.093,5.192,5.285600185,5.345,0.995538592,0.899,0.9309999999999999,9.36975193,9.365,0.492345721,0.522,0.66,62.15584946,62.236000000000004,0.443323463,0.5379999999999999,0.491,0.8706144090000001,0.873,0.6117045879999999,0.484,0.498,0.519586504,0.542,2017,2018.0,2019.0,2020.0,2021.0,85,81,79,81,83,105,101,97,101,99,80,91,86,82,80,74,54,47,40,43,1,1,1,1,0
Myanmar,4.545000076,4.308,4.36,4.308000088,4.426,0.36711055,0.682,0.71,8.680481911000001,8.541,0.397522569,0.429,0.555,58.96171188,59.302,0.514492035,0.58,0.525,0.895075202,0.8759999999999999,0.8380751609999999,0.598,0.5660000000000001,0.560663998,0.509,2017,2018.0,2019.0,2020.0,2021.0,141,105,100,103,106,114,110,110,112,110,113,124,123,127,120,39,37,28,28,39,0,0,0,0,1
Haiti,3.6029999260000003,3.582,3.597,3.720799923,3.615,0.368610263,0.315,0.32299999999999995,7.411329268999999,7.477,0.27732113,0.289,0.449,55.59862518,55.7,0.030369857000000004,0.025,0.026000000000000002,0.537825167,0.593,0.489203781,0.392,0.419,0.40053457,0.42200000000000004,2017,2018.0,2019.0,2020.0,2021.0,139,137,133,136,132,129,127,122,127,126,144,142,137,135,135,152,148,143,143,133,8,2,2,2,2
Uzbekistan,5.971000195,6.096,6.1739999999999995,6.257599831,6.178999999999999,0.786441088,0.7190000000000001,0.745,8.740371704,8.836,0.498272628,0.605,0.7559999999999999,65.10757446,65.255,0.658248663,0.7240000000000001,0.631,0.974998116,0.97,0.415983647,0.32799999999999996,0.322,0.248427153,0.311,2017,2018.0,2019.0,2020.0,2021.0,107,101,98,102,99,103,86,82,83,83,46,41,38,37,41,0,0,0,0,0,18,13,12,6,3
Kenya,4.552999973,4.41,4.5089999999999995,4.583000183,4.607,0.560479462,0.493,0.512,8.02977562,8.361,0.30998835,0.45399999999999996,0.581,60.09693146,60.70399999999999,0.452763766,0.504,0.431,0.829747558,0.779,0.444860309,0.35200000000000004,0.37200000000000005,0.294681519,0.287,2017,2018.0,2019.0,2020.0,2021.0,125,121,117,119,112,124,108,105,107,104,111,118,113,116,115,69,68,69,61,84,13,11,4,3,4
Thailand,6.423999786,6.072,6.007999999999999,5.9987998010000005,5.985,1.127868772,1.016,1.05,9.741791725,9.805,0.647239029,0.7070000000000001,0.828,67.25059509,67.40100000000001,0.580200732,0.637,0.557,0.905063033,0.884,0.57212311,0.364,0.359,0.268685192,0.287,2017,2018.0,2019.0,2020.0,2021.0,64,61,59,61,58,59,51,54,56,56,31,43,49,53,53,19,16,16,23,33,3,7,6,4,5
Turkmenistan,5.8220000270000005,5.636,5.247000000000001,5.119100093999999,5.066,1.130776763,1.016,1.052,9.74803257,9.629,0.43772608,0.517,0.657,62.21170807,62.409,0.418271929,0.41700000000000004,0.39399999999999996,0.8264570240000001,0.877,0.24992498800000001,0.19899999999999998,0.244,0.187671542,0.273,2017,2018.0,2019.0,2020.0,2021.0,62,60,57,60,63,110,102,98,100,96,58,64,81,92,93,85,98,79,62,38,65,56,38,13,6
Kosovo,5.278999805,5.662000000000001,6.1,6.325200081,6.372000000000001,0.9514843820000001,0.855,0.882,9.204429626,9.318,0.54145205,0.578,0.758,63.88555527,63.813,0.260287941,0.44799999999999995,0.489,0.861535907,0.8690000000000001,0.319931448,0.27399999999999997,0.262,0.19093376399999998,0.257,2017,2018.0,2019.0,2020.0,2021.0,90,85,84,87,85,92,93,81,93,94,77,62,43,34,32,125,89,49,47,45,40,25,27,11,7
United Kingdom,6.714000225,7.19,7.053999999999999,7.164500237,7.064,1.44163394,1.244,1.3330000000000002,10.60013485,10.707,0.8053359390000001,0.888,0.996,72.30160522,72.5,0.508190036,0.46399999999999997,0.45,0.834743679,0.8590000000000001,0.492774159,0.262,0.348,0.263732493,0.233,2017,2018.0,2019.0,2020.0,2021.0,22,29,21,21,20,25,15,23,21,21,18,10,14,12,16,40,78,61,57,50,6,28,8,5,8
Iran,4.691999912,4.707,4.548,4.672399998,4.721,1.156873107,1.0590000000000002,1.1,9.813719749,9.584,0.639333189,0.691,0.785,66.00614929,66.3,0.249322608,0.45899999999999996,0.305,0.647873282,0.608,0.38724291299999997,0.282,0.27,0.11789110300000001,0.218,2017,2018.0,2019.0,2020.0,2021.0,58,52,51,54,69,62,57,76,77,75,107,101,110,113,112,131,83,109,127,131,21,23,22,22,9
Tanzania,3.348999977,3.303,3.2310000000000003,3.4762001039999997,3.623,0.511135876,0.455,0.47600000000000003,7.967665195,7.876,0.364509284,0.381,0.499,57.49607468,57.998999999999995,0.390017778,0.48100000000000004,0.41700000000000004,0.82153976,0.833,0.35425636200000005,0.27,0.276,0.10966868699999999,0.183,2017,2018.0,2019.0,2020.0,2021.0,128,124,120,121,123,116,117,115,118,115,152,147,143,141,134,96,74,74,65,61,29,27,19,25,10
Netherlands,7.376999855,7.441,7.4879999999999995,7.448900223,7.4639999999999995,1.503944635,1.361,1.396,10.81271172,10.932,0.810696125,0.878,0.9990000000000001,72.30091858,72.4,0.585384488,0.638,0.557,0.908547819,0.9129999999999999,0.47048983,0.33299999999999996,0.322,0.20761244,0.175,2017,2018.0,2019.0,2020.0,2021.0,11,10,10,8,8,21,20,20,22,23,5,5,4,5,4,16,15,18,19,20,12,12,13,9,11
Iceland,7.504000187000001,7.495,7.494,7.504499912000001,7.553999999999999,1.48063302,1.3430000000000002,1.38,10.77255917,10.878,0.8335521220000001,0.914,1.026,73.0,73.0,0.627162635,0.677,0.591,0.948891878,0.955,0.47554022100000004,0.353,0.354,0.246944219,0.16,2017,2018.0,2019.0,2020.0,2021.0,18,13,13,12,10,14,6,12,15,15,2,3,3,3,3,3,5,6,5,3,10,10,7,7,12
Australia,7.28399992,7.272,7.228,7.222799778,7.183,1.484414935,1.34,1.3719999999999999,10.72059631,10.796,0.843886793,0.91,1.036,73.60453796,73.9,0.6016073820000001,0.647,0.557,0.915431738,0.914,0.47769925,0.361,0.332,0.19046016,0.159,2017,2018.0,2019.0,2020.0,2021.0,16,16,16,16,16,10,8,9,7,5,9,9,10,11,10,13,12,17,17,19,9,8,9,12,13
Nepal,4.961999893,4.88,4.913,5.137199879,5.269,0.47982019200000003,0.425,0.446,7.925357342000001,8.12,0.504130781,0.539,0.677,63.77917862,64.233,0.44030594799999995,0.526,0.439,0.797565043,0.782,0.394096166,0.302,0.285,0.154168829,0.152,2017,2018.0,2019.0,2020.0,2021.0,129,127,122,123,116,100,97,93,94,92,98,96,94,89,85,76,62,65,75,81,19,18,17,15,14
New Zealand,7.31400013,7.324,7.307,7.2996001239999995,7.277,1.405706048,1.268,1.3030000000000002,10.50094318,10.642999999999999,0.8167597059999999,0.8759999999999999,1.026,73.20262909,73.4,0.61406213,0.669,0.585,0.9362174870000001,0.929,0.500005126,0.365,0.33,0.191598073,0.134,2017,2018.0,2019.0,2020.0,2021.0,26,25,24,26,25,19,21,13,11,12,7,7,7,7,8,7,7,7,9,12,4,5,11,10,15
Malta,6.52699995,6.627000000000001,6.726,6.772799968999999,6.602,1.343279839,1.27,1.3,10.53383827,10.674000000000001,0.8219442370000001,0.884,0.9990000000000001,72.19999695,72.2,0.588767052,0.645,0.564,0.9249114390000001,0.927,0.574730575,0.376,0.375,0.214965805,0.133,2017,2018.0,2019.0,2020.0,2021.0,35,24,26,24,22,16,16,17,25,25,26,21,21,21,22,15,13,11,14,14,2,3,3,8,16
Malaysia,6.084000111,6.322,5.3389999999999995,5.384300232,5.3839999999999995,1.29121542,1.161,1.2209999999999999,10.26251888,10.238,0.618784428,0.669,0.828,67.10215759,67.102,0.40226498200000005,0.35600000000000004,0.508,0.8946268559999999,0.895,0.41660893,0.311,0.26,0.11472679699999999,0.125,2017,2018.0,2019.0,2020.0,2021.0,42,39,36,39,45,72,70,56,61,64,41,33,75,80,79,91,112,35,29,28,17,15,30,23,17
Ghana,4.1199998860000004,4.657,4.996,5.1479997630000005,5.088,0.6672248239999999,0.5920000000000001,0.611,8.350645065,8.58,0.295637727,0.337,0.486,57.20398712,57.586000000000006,0.42302629399999997,0.499,0.381,0.794796526,0.807,0.25692394399999996,0.212,0.245,0.09417085300000001,0.12300000000000001,2017,2018.0,2019.0,2020.0,2021.0,115,113,109,110,103,125,121,118,119,117,130,103,92,88,91,83,71,86,77,70,61,47,37,31,18
Uganda,4.0809998510000005,4.1610000000000005,4.189,4.43200016,4.636,0.381430715,0.322,0.332,7.500389576,7.6770000000000005,0.217632607,0.237,0.44299999999999995,55.70820236,56.101000000000006,0.443185955,0.45,0.35600000000000004,0.7317139509999999,0.7090000000000001,0.325766057,0.259,0.252,0.099487431,0.122,2017,2018.0,2019.0,2020.0,2021.0,136,136,131,131,129,134,135,124,125,124,132,129,127,121,113,75,87,94,102,112,37,30,32,28,19
Kyrgyzstan,5.004000187,5.131,5.261,5.541500092000001,5.744,0.596220076,0.53,0.551,8.148405075,8.538,0.5534577970000001,0.594,0.723,64.10601044,64.40100000000001,0.454943389,0.54,0.508,0.909374893,0.935,0.428580374,0.281,0.3,0.15477205800000002,0.11900000000000001,2017,2018.0,2019.0,2020.0,2021.0,121,120,115,116,107,90,91,90,90,89,97,87,80,73,66,68,52,36,18,9,15,24,14,14,20
Mongolia,4.954999924,5.125,5.285,5.4562001229999995,5.6770000000000005,1.0272358659999998,0.914,0.948,9.412186623,9.4,0.557783484,0.575,0.667,62.30448532,62.5,0.394143969,0.395,0.317,0.693351328,0.708,0.33846423,0.253,0.235,0.09809386699999999,0.11599999999999999,2017,2018.0,2019.0,2020.0,2021.0,80,79,76,77,81,89,94,96,97,95,99,89,78,79,69,94,102,105,118,114,31,34,42,30,21
Bosnia and Herzegovina,5.18200016,5.129,5.386,5.674099922000001,5.813,0.9824094179999999,0.915,0.945,9.455817223,9.59,0.7051863070000001,0.758,0.845,67.80813599,68.098,0.204403177,0.28,0.212,0.651352704,0.706,0.328867495,0.21600000000000003,0.263,0.098274559,0.113,2017,2018.0,2019.0,2020.0,2021.0,88,78,78,75,67,45,40,49,50,49,89,88,73,68,63,138,128,129,124,115,35,45,24,29,22
United States,6.993000031,6.886,6.892,6.939599991000001,6.9510000000000005,1.546259284,1.3980000000000001,1.433,10.92576885,11.023,0.7742866279999999,0.8190000000000001,0.8740000000000001,68.29949951,68.2,0.5057405229999999,0.547,0.45399999999999996,0.842619538,0.8370000000000001,0.392578781,0.29100000000000004,0.28,0.149891734,0.098,2017,2018.0,2019.0,2020.0,2021.0,8,8,8,7,6,32,29,38,45,48,13,17,18,17,18,41,47,60,54,58,20,19,18,16,23
Pakistan,5.269000053,5.472,5.653,5.69329977,4.934,0.7268835309999999,0.652,0.677,8.482727051,8.458,0.402047783,0.424,0.535,58.25313568,58.708999999999996,0.23521526199999998,0.33399999999999996,0.313,0.734833717,0.726,0.31544601899999997,0.21600000000000003,0.22,0.04489987,0.098,2017,2018.0,2019.0,2020.0,2021.0,113,109,104,107,110,113,111,112,115,113,79,71,63,65,99,134,116,106,101,105,42,44,47,45,24
Guinea,3.5069999689999998,3.964,4.534,4.949299812,4.984,0.24454993,0.344,0.38,7.750990391,7.837999999999999,0.19412913899999998,0.21100000000000002,0.375,54.46780014,55.008,0.34858751299999996,0.39399999999999996,0.332,0.7068467740000001,0.6970000000000001,0.264815092,0.185,0.207,0.076328471,0.095,2017,2018.0,2019.0,2020.0,2021.0,146,132,125,126,124,138,137,133,130,127,148,134,111,99,96,105,103,102,115,116,58,66,55,40,25
Norway,7.537000179,7.593999999999999,7.553999999999999,7.487999916000001,7.392,1.616463184,1.456,1.4880000000000002,11.08780384,11.052999999999999,0.796666503,0.861,1.028,73.20078278,73.3,0.635422587,0.6859999999999999,0.603,0.955750287,0.96,0.362012237,0.28600000000000003,0.271,0.13453263,0.09300000000000001,2017,2018.0,2019.0,2020.0,2021.0,5,5,6,5,5,27,25,11,12,13,0,1,2,4,5,1,2,2,2,1,25,20,21,18,26
Bahrain,6.086999893,6.105,6.199,6.227300167,6.647,1.488412261,1.338,1.3619999999999999,10.67638016,10.669,0.653133035,0.698,0.871,68.5,69.495,0.5367469189999999,0.594,0.536,0.905855775,0.925,0.17266848699999998,0.243,0.255,0.13372919,0.08900000000000001,2017,2018.0,2019.0,2020.0,2021.0,13,17,18,18,23,54,55,42,44,37,40,40,35,39,21,34,30,23,21,15,109,36,31,19,27
Canada,7.315999985,7.327999999999999,7.278,7.23210001,7.103,1.479204416,1.33,1.365,10.69236851,10.776,0.834557652,0.8959999999999999,1.0390000000000001,73.60160065,73.8,0.611100912,0.653,0.584,0.9339132309999999,0.915,0.435539722,0.321,0.285,0.124770768,0.08900000000000001,2017,2018.0,2019.0,2020.0,2021.0,19,18,17,17,17,13,12,7,10,9,6,6,8,10,13,9,11,8,12,18,14,14,16,20,28
India,4.315000057,4.19,4.015,3.573299885,3.819,0.7922212479999999,0.721,0.755,8.849823952000001,8.755,0.455427617,0.485,0.588,60.21518707,60.633,0.469987005,0.539,0.498,0.8814448709999999,0.893,0.231538489,0.172,0.2,0.057551607000000005,0.08900000000000001,2017,2018.0,2019.0,2020.0,2021.0,105,100,97,99,100,108,105,104,106,105,121,127,131,137,131,62,53,40,35,29,77,76,58,42,29
Sweden,7.28399992,7.314,7.343,7.353499889,7.3629999999999995,1.494387269,1.355,1.3869999999999998,10.75879383,10.867,0.830875158,0.9129999999999999,1.0090000000000001,72.60076904,72.7,0.612924099,0.659,0.574,0.939144194,0.945,0.385399252,0.285,0.267,0.111614622,0.086,2017,2018.0,2019.0,2020.0,2021.0,12,11,11,13,13,15,7,16,16,17,8,8,6,6,6,8,9,9,8,7,23,21,23,24,30
Sierra Leone,4.709000111,4.571000000000001,4.374,3.926399946,3.8489999999999998,0.368420929,0.256,0.268,7.26880312,7.434,0.005564754,0.0,0.242,50.86514282,51.651,0.318697691,0.355,0.309,0.715315044,0.7170000000000001,0.293040901,0.23800000000000002,0.252,0.088660747,0.084,2017,2018.0,2019.0,2020.0,2021.0,140,142,138,139,133,153,150,142,141,137,105,107,121,132,130,112,113,108,109,109,46,38,34,32,31
Ethiopia,4.460000038,4.35,4.2860000000000005,4.186200142,4.275,0.339233845,0.308,0.336,7.5093855860000005,7.694,0.353409708,0.391,0.532,58.63959122,59.0,0.40884274200000004,0.452,0.344,0.740795195,0.752,0.31265074,0.22,0.209,0.043377332000000005,0.08199999999999999,2017,2018.0,2019.0,2020.0,2021.0,143,139,130,130,127,118,116,113,114,112,118,121,126,129,125,87,86,99,96,96,43,42,54,47,32
Honduras,5.181000233,5.504,5.86,5.953199862999999,5.919,0.730573118,0.62,0.642,8.424534798,8.648,0.58256948,0.622,0.828,67.19876862,67.3,0.34807986,0.45899999999999996,0.507,0.870603263,0.857,0.236188874,0.19699999999999998,0.24600000000000002,0.086969115,0.081,2017,2018.0,2019.0,2020.0,2021.0,111,111,107,108,101,84,80,55,59,60,90,68,56,55,58,106,82,38,41,52,74,58,36,33,33
Sri Lanka,4.440000057,4.471,4.3660000000000005,4.327000141,4.325,1.009850144,0.9179999999999999,0.9490000000000001,9.389969826,9.47,0.6251308320000001,0.672,0.831,67.20006561,67.29899999999999,0.561213255,0.585,0.47,0.837633669,0.841,0.49086356200000003,0.307,0.244,0.081129618,0.079,2017,2018.0,2019.0,2020.0,2021.0,81,76,75,80,75,71,67,53,58,61,119,110,122,125,123,27,33,54,55,57,7,16,40,37,34
Ireland,6.977000237,6.977,7.021,7.093699932000001,7.085,1.535706639,1.4480000000000002,1.499,11.16097832,11.342,0.809782624,0.8759999999999999,0.9990000000000001,72.30078888,72.4,0.573110342,0.614,0.516,0.8869829770000001,0.879,0.427858323,0.307,0.298,0.145784974,0.077,2017,2018.0,2019.0,2020.0,2021.0,9,6,5,2,2,23,22,21,23,24,14,13,15,15,14,22,25,32,33,35,16,17,15,17,35
United Arab Emirates,6.647999763,6.774,6.825,6.790800095,6.561,1.626343369,2.096,1.5030000000000001,11.1099987,11.085,0.7267982359999999,0.67,0.825,67.08278656,67.333,0.60834527,0.284,0.598,0.941345513,0.932,0.36094194700000004,0.18600000000000003,0.262,0.123450845,0.07400000000000001,2017,2018.0,2019.0,2020.0,2021.0,4,0,3,3,4,38,69,59,63,59,20,19,20,20,24,10,126,3,6,11,26,65,26,21,36
Mozambique,4.5500001910000005,4.417,4.466,4.623600006,4.794,0.23430565,0.198,0.204,7.069345951,7.1579999999999995,0.106654435,0.17300000000000001,0.39,54.20582199,54.706,0.48079109200000003,0.531,0.494,0.864451885,0.882,0.32222810399999996,0.20600000000000002,0.19699999999999998,0.032375867999999995,0.061,2017,2018.0,2019.0,2020.0,2021.0,147,143,139,140,138,147,141,130,132,130,112,117,115,115,109,51,58,45,44,34,39,50,60,50,37
Rwanda,3.4709999560000004,3.408,3.3339999999999996,3.312299967,3.415,0.368745893,0.332,0.359,7.600104332000001,7.676,0.326424807,0.4,0.614,61.09884644,61.4,0.581843853,0.636,0.555,0.9005894059999999,0.897,0.252756029,0.2,0.217,0.055483952,0.061,2017,2018.0,2019.0,2020.0,2021.0,138,134,127,129,130,121,115,102,105,103,150,145,142,143,139,18,17,20,25,26,63,55,50,43,38
Zambia,4.513999939,4.377,4.107,3.759399891,4.073,0.636406779,0.562,0.578,8.224720001,8.145,0.257835895,0.295,0.426,55.29937744,55.809,0.461603492,0.503,0.431,0.806500256,0.782,0.249580145,0.221,0.247,0.078037128,0.061,2017,2018.0,2019.0,2020.0,2021.0,118,114,110,115,115,131,125,127,128,125,115,119,129,134,129,65,70,70,71,82,66,41,35,39,39
Liberia,3.5329999919999997,3.495,3.975,4.557899952,4.625,0.119041793,0.076,0.073,7.054380417000001,7.287999999999999,0.229918197,0.267,0.44299999999999995,56.09631348,56.498000000000005,0.332881182,0.419,0.37,0.735268712,0.735,0.266549885,0.20600000000000002,0.233,0.04227322,0.05,2017,2018.0,2019.0,2020.0,2021.0,150,147,143,142,137,133,129,123,124,122,147,143,132,119,114,108,96,89,99,102,57,51,44,48,40
Austria,7.006000042,7.138999999999999,7.246,7.294199944,7.268,1.4870972630000001,1.341,1.376,10.7428236,10.905999999999999,0.8153284190000001,0.8909999999999999,1.016,73.00250244,73.3,0.56776619,0.617,0.532,0.899989486,0.9079999999999999,0.316472322,0.242,0.244,0.085429221,0.042,2017,2018.0,2019.0,2020.0,2021.0,15,14,14,14,9,20,14,14,14,14,12,11,9,8,9,25,24,25,26,22,41,37,39,34,41
Chad,3.9360001089999996,4.301,4.35,4.422699928,4.355,0.438012987,0.358,0.35,7.467963696,7.364,0.041134715,0.053,0.192,48.22053909,48.478,0.162342027,0.18899999999999997,0.174,0.587305248,0.579,0.21611385,0.18100000000000002,0.198,0.017834719,0.040999999999999995,2017,2018.0,2019.0,2020.0,2021.0,132,130,128,133,135,151,147,144,144,141,136,125,124,122,122,143,138,134,138,135,85,69,59,54,42
Malawi,3.970000029,3.5869999999999997,3.41,3.538000107,3.6,0.23344203800000002,0.18600000000000003,0.191,7.062226295,6.957999999999999,0.315089583,0.306,0.495,57.59288788,57.948,0.466914654,0.531,0.44299999999999995,0.803223193,0.78,0.28717047,0.21,0.218,0.021433279,0.038,2017,2018.0,2019.0,2020.0,2021.0,148,144,140,141,140,122,124,116,117,116,135,141,140,138,136,63,57,63,72,83,49,48,49,52,43
Nigeria,5.073999882,5.155,5.265,4.724100113,4.7589999999999995,0.783756256,0.6890000000000001,0.696,8.57662487,8.533,0.05691573,0.048,0.245,49.86190796,50.102,0.394952565,0.462,0.426,0.759578407,0.737,0.23094719600000002,0.201,0.215,0.033745807,0.037000000000000005,2017,2018.0,2019.0,2020.0,2021.0,108,103,101,104,108,148,148,141,142,139,94,86,79,110,110,93,79,72,87,101,79,54,51,49,44
Cambodia,4.168000221000001,4.433,4.7,4.8484001160000005,4.83,0.601765096,0.5489999999999999,0.574,8.249890327000001,8.36,0.429783404,0.457,0.637,61.52996826,62.0,0.633375823,0.696,0.609,0.9597046379999999,0.9590000000000001,0.385922968,0.256,0.23199999999999998,0.051911179,0.034,2017,2018.0,2019.0,2020.0,2021.0,120,116,111,112,113,111,107,101,104,101,128,114,102,102,108,2,1,1,1,2,22,32,45,44,45
Togo,3.4949998860000004,3.9989999999999997,4.085,4.187200069,4.107,0.305444717,0.259,0.275,7.357711315,7.362,0.247105569,0.253,0.41,54.71989822,54.913999999999994,0.380426139,0.434,0.293,0.6498286129999999,0.619,0.19689615100000002,0.158,0.177,0.002667875,0.032,2017,2018.0,2019.0,2020.0,2021.0,145,141,136,137,136,132,132,128,129,128,149,133,130,128,128,98,91,112,125,129,99,82,71,58,46
Israel,7.212999821,6.814,7.138999999999999,7.128600121,7.157,1.375382423,1.301,1.276,10.41752529,10.575,0.838404,0.883,1.0290000000000001,73.20025635,73.503,0.405988604,0.5329999999999999,0.371,0.7475805879999999,0.8,0.330082655,0.354,0.261,0.10259372,0.031,2017,2018.0,2019.0,2020.0,2021.0,30,21,29,29,30,11,18,10,13,11,10,18,12,13,11,90,55,88,92,73,34,9,28,27,47
Denmark,7.521999836,7.555,7.6,7.645599842,7.62,1.4823830130000002,1.351,1.383,10.77400112,10.933,0.792565525,0.868,0.996,72.40250397,72.7,0.6260067220000001,0.6829999999999999,0.5920000000000001,0.9514442679999999,0.946,0.355280489,0.284,0.252,0.06620177599999999,0.03,2017,2018.0,2019.0,2020.0,2021.0,17,12,12,11,7,30,24,22,19,16,1,2,1,1,1,4,3,5,3,6,28,22,33,41,48
Paraguay,5.493000031,5.681,5.742999999999999,5.6921000479999995,5.653,0.932537317,0.835,0.855,9.389982224,9.448,0.579250693,0.615,0.777,65.63993835,65.9,0.47350779200000004,0.541,0.514,0.885923445,0.8759999999999999,0.224150658,0.162,0.184,0.007997713,0.027999999999999997,2017,2018.0,2019.0,2020.0,2021.0,92,87,86,79,78,85,82,79,81,80,69,60,60,66,70,57,50,33,34,40,83,80,67,57,49
Cameroon,4.695000172,4.975,5.044,5.084899902,5.142,0.564305365,0.535,0.5489999999999999,8.118647575,8.189,0.132892117,0.182,0.331,52.704940799999996,53.515,0.43038874899999996,0.45399999999999996,0.381,0.7630518079999999,0.731,0.236298457,0.183,0.187,-0.00149645,0.026000000000000002,2017,2018.0,2019.0,2020.0,2021.0,124,118,116,118,114,145,139,137,137,133,106,94,90,95,88,81,85,85,85,104,73,68,65,61,50
Switzerland,7.493999958,7.487,7.48,7.559899807000001,7.571000000000001,1.5649795530000001,1.42,1.452,10.97993279,11.117,0.858131289,0.927,1.052,74.10244751,74.4,0.620070577,0.66,0.5720000000000001,0.921336651,0.919,0.290549278,0.256,0.263,0.105911039,0.025,2017,2018.0,2019.0,2020.0,2021.0,6,7,7,6,3,5,5,3,3,3,3,4,5,2,2,5,8,10,15,16,48,31,25,26,51
Nicaragua,6.071000099,6.141,6.105,6.13710022,5.972,0.737299204,0.6679999999999999,0.6940000000000001,8.493160247999999,8.62,0.653095961,0.7,0.835,67.50717926,67.657,0.447551847,0.527,0.435,0.8639028670000001,0.836,0.30167421699999997,0.20800000000000002,0.2,0.020959141,0.02,2017,2018.0,2019.0,2020.0,2021.0,110,107,102,106,102,55,53,51,53,54,42,38,42,45,54,73,61,67,45,60,45,49,57,53,52
Niger,4.027999878,4.166,4.628,4.909599781,5.074,0.161925331,0.131,0.138,6.842166901000001,7.098,0.268505007,0.221,0.366,53.50009537,53.78,0.363658696,0.39,0.318,0.759772122,0.8059999999999999,0.22867384600000001,0.175,0.188,0.013860817,0.018000000000000002,2017,2018.0,2019.0,2020.0,2021.0,149,145,141,143,139,130,136,134,134,132,134,128,107,100,92,102,105,104,86,71,80,74,63,56,53
North Cyprus,5.809999942999999,,,5.53550005,5.5360000000000005,1.346911311,,,10.40570259,10.575999999999999,0.834647238,,,73.70222473,73.898,0.471203625,,,0.79529351,0.795,0.266845703,,,0.00022715900000000003,0.012,2017,,,2020.0,2021.0,34,154,154,30,28,12,152,152,5,7,60,153,153,75,73,60,153,153,76,75,56,153,153,60,54
Germany,6.951000214,6.965,6.985,7.075799942000001,7.155,1.4879233840000001,1.34,1.3730000000000002,10.7328186,10.873,0.798950732,0.861,0.987,72.20201874,72.5,0.562511384,0.586,0.495,0.867371082,0.875,0.33626917,0.273,0.261,0.08017938599999999,0.011000000000000001,2017,2018.0,2019.0,2020.0,2021.0,14,15,15,15,11,26,26,24,24,22,15,14,16,16,12,26,32,43,42,41,32,26,29,38,55
Serbia,5.394999981000001,5.398,5.603,5.77820015,6.077999999999999,1.069317579,0.975,1.004,9.680980682000001,9.787,0.650784671,0.685,0.8540000000000001,68.21020508,68.6,0.208715528,0.28800000000000003,0.282,0.726495862,0.778,0.220125884,0.134,0.13699999999999998,-0.073676221,0.002,2017,2018.0,2019.0,2020.0,2021.0,76,70,68,65,60,57,62,46,47,45,72,73,66,63,47,137,125,116,105,85,84,97,96,88,56
Madagascar,3.644000053,3.7739999999999996,3.9330000000000003,4.165599823,4.208,0.305808693,0.262,0.27399999999999997,7.281685829,7.396,0.375223309,0.402,0.555,59.10542679,59.305,0.189196765,0.221,0.14800000000000002,0.5575740929999999,0.552,0.20873253,0.155,0.16899999999999998,-0.011823638999999999,-0.005,2017,2018.0,2019.0,2020.0,2021.0,144,140,137,138,134,115,114,109,111,109,143,137,133,130,127,141,137,138,139,138,89,83,76,64,57
Burkina Faso,4.032000065,4.4239999999999995,4.587,4.768700123,4.834,0.35022771399999997,0.314,0.331,7.46854496,7.678,0.21584425899999998,0.254,0.38,53.88945389,54.151,0.32436785100000004,0.312,0.255,0.665563583,0.695,0.250864685,0.175,0.177,-0.019080516000000002,-0.009000000000000001,2017,2018.0,2019.0,2020.0,2021.0,142,138,132,132,128,135,131,131,133,131,133,115,108,108,107,111,120,119,121,120,64,72,70,67,58
Ukraine,4.096000195,4.103,4.332,4.56069994,4.875,0.8946519490000001,0.7929999999999999,0.82,9.010690689,9.436,0.575903952,0.609,0.7390000000000001,64.60678101,64.902,0.122974776,0.163,0.17800000000000002,0.663081884,0.7240000000000001,0.270061463,0.187,0.187,-0.030933706000000002,-0.011000000000000001,2017,2018.0,2019.0,2020.0,2021.0,97,94,90,91,79,86,84,86,87,86,131,132,125,118,104,146,139,133,123,106,55,64,64,70,59
Cyprus,5.620999812999999,5.7620000000000005,6.046,6.15899992,6.223,1.3559380769999998,1.229,1.263,10.40570259,10.575999999999999,0.8447147009999999,0.909,1.042,73.70222473,73.898,0.355111539,0.423,0.406,0.7798582909999999,0.763,0.27125430100000003,0.20199999999999999,0.19,0.043731495999999995,-0.015,2017,2018.0,2019.0,2020.0,2021.0,32,31,31,31,29,8,9,5,6,8,64,57,46,44,38,104,95,77,80,90,54,53,62,46,60
Ivory Coast,4.179999828,4.671,4.944,5.233300208999999,5.306,0.603048921,0.541,0.569,8.225561142,8.551,0.04864217,0.08,0.23199999999999998,49.50377274,50.114,0.447706193,0.467,0.35200000000000004,0.727909327,0.741,0.20123747,0.146,0.154,-0.043991156,-0.016,2017,2018.0,2019.0,2020.0,2021.0,119,117,113,114,104,150,145,143,143,138,127,102,93,83,83,72,77,95,104,100,96,89,82,77,61
Singapore,6.5720000270000005,6.343,6.2620000000000005,6.377099991000001,6.377000000000001,1.69227767,1.5290000000000001,1.5719999999999998,11.39552116,11.488,0.949492395,1.008,1.141,76.80458069,76.953,0.549840569,0.631,0.556,0.926645339,0.927,0.34596598100000003,0.261,0.271,0.029879224,-0.018000000000000002,2017,2018.0,2019.0,2020.0,2021.0,2,3,2,1,1,0,0,0,0,0,25,32,32,30,31,31,21,19,13,13,30,29,20,51,62
Burundi,2.904999971,2.905,3.775,3.775300026,3.775,0.091622569,0.091,0.046,6.492642403,6.635,0.151610792,0.145,0.38,53.40000153,53.4,0.059900753,0.065,0.22,0.626350224,0.626,0.204435185,0.149,0.17600000000000002,-0.017551597,-0.024,2017,2018.0,2019.0,2020.0,2021.0,152,146,144,146,141,144,143,132,135,134,153,150,135,133,132,151,147,127,132,128,92,85,72,65,63
Albania,4.644000053,4.586,4.718999999999999,4.882699966000001,5.117,0.996192753,0.9159999999999999,0.9470000000000001,9.417930603,9.52,0.7311597470000001,0.79,0.8740000000000001,68.70813751,68.999,0.381498635,0.419,0.38299999999999995,0.7819942240000001,0.785,0.201312944,0.149,0.17800000000000002,-0.042309489000000006,-0.03,2017,2018.0,2019.0,2020.0,2021.0,84,77,77,76,73,37,33,39,40,41,108,106,100,101,90,97,97,83,79,77,95,86,69,73,64
Benin,3.657000065,4.141,4.883,5.21600008,5.045,0.43108540799999995,0.37799999999999995,0.39299999999999996,7.674319744,8.087,0.209930211,0.24,0.397,54.31246567,54.713,0.425962776,0.44,0.349,0.735182583,0.757,0.207948461,0.163,0.175,-0.003537213,-0.034,2017,2018.0,2019.0,2020.0,2021.0,133,128,123,127,120,136,134,129,131,129,142,130,96,84,94,82,90,97,100,92,90,79,74,62,65
Montenegro,5.236999989,5.347,5.523,5.54610014,5.581,1.121129036,1.0170000000000001,1.051,9.751860619,9.94,0.667464674,0.7290000000000001,0.871,68.50534821,68.699,0.194989055,0.259,0.19699999999999998,0.649565637,0.708,0.197911024,0.111,0.142,-0.075600356,-0.034,2017,2018.0,2019.0,2020.0,2021.0,66,59,58,59,54,53,47,41,42,44,82,76,69,71,71,140,132,131,126,113,98,110,94,89,66
Luxembourg,6.862999916000001,6.91,7.09,7.2375001910000005,7.324,1.7419435980000002,1.5759999999999998,1.609,11.45068073,11.647,0.845089495,0.8959999999999999,1.012,72.59999847,72.6,0.596627891,0.632,0.526,0.90563643,0.907,0.28318098199999997,0.196,0.19399999999999998,-0.004620588,-0.034,2017,2018.0,2019.0,2020.0,2021.0,1,2,1,0,0,7,11,15,17,20,17,16,13,9,7,14,20,27,22,23,52,60,61,63,67
Mali,4.190000057,4.447,4.39,4.729300021999999,4.723,0.476180494,0.37,0.385,7.629852295,7.744,0.169365674,0.152,0.308,51.72698212,51.968999999999994,0.306613743,0.36700000000000005,0.327,0.71156615,0.6970000000000001,0.183354199,0.139,0.153,-0.044366925999999994,-0.036000000000000004,2017,2018.0,2019.0,2020.0,2021.0,131,129,124,128,125,142,142,138,139,136,126,112,120,109,111,115,108,103,112,117,105,93,85,78,68
Guatemala,6.453999996,6.382000000000001,6.436,6.398900032,6.435,0.8720019459999999,0.7809999999999999,0.8,8.924805641,9.052999999999999,0.54023999,0.608,0.746,64.8089447,64.958,0.531310618,0.604,0.535,0.9081475729999999,0.9059999999999999,0.283488393,0.179,0.175,-0.042938665,-0.038,2017,2018.0,2019.0,2020.0,2021.0,100,95,94,96,95,94,85,84,85,85,27,28,25,28,29,35,27,24,20,24,51,70,75,74,69
Bangladesh,4.607999802,4.5,4.456,4.832799911,5.025,0.586682975,0.532,0.562,8.287063599,8.454,0.533241034,0.579,0.723,64.50306702,64.8,0.47835665899999996,0.58,0.527,0.90062499,0.877,0.172255352,0.153,0.166,-0.033664726,-0.040999999999999995,2017,2018.0,2019.0,2020.0,2021.0,123,119,114,111,111,95,92,89,88,87,109,109,117,103,95,54,36,26,24,37,110,84,78,71,70
Chile,6.65199995,6.476,6.444,6.228499889,6.172000000000001,1.25278461,1.131,1.159,10.0320549,10.071,0.819479704,0.8079999999999999,0.92,69.90061951,70.0,0.37689527899999997,0.431,0.35700000000000004,0.7448962929999999,0.742,0.32666242100000004,0.19699999999999998,0.187,-0.065668367,-0.044000000000000004,2017,2018.0,2019.0,2020.0,2021.0,48,45,46,50,49,17,31,29,32,32,19,24,24,38,42,100,92,93,95,99,36,59,66,83,71
Senegal,4.534999847,4.631,4.681,4.980800152,5.132000000000001,0.47930902200000003,0.429,0.45,8.118982315,8.118,0.40936285299999997,0.433,0.5710000000000001,59.59915161,59.802,0.37792226700000003,0.406,0.292,0.6905961629999999,0.695,0.183468893,0.138,0.153,-0.052335154,-0.046,2017,2018.0,2019.0,2020.0,2021.0,130,126,121,117,117,112,109,108,110,108,114,104,104,98,89,99,99,113,119,118,104,94,86,80,72
Zimbabwe,3.875,3.6919999999999997,3.6630000000000003,3.2992000580000003,3.145,0.375846535,0.35700000000000004,0.366,7.865711688999999,7.943,0.19676375399999999,0.248,0.433,55.61725998,56.201,0.33638420700000005,0.406,0.361,0.711457908,0.677,0.189143494,0.132,0.151,-0.072063953,-0.047,2017,2018.0,2019.0,2020.0,2021.0,137,131,126,124,121,137,133,126,126,123,137,138,136,144,140,107,100,91,113,122,102,99,87,86,73
Iraq,4.497000217,4.456,4.437,4.7848000530000006,4.854,1.102710485,1.01,1.043,9.661095619,9.24,0.50118047,0.536,0.574,59.90354919,60.583,0.28855553300000003,0.304,0.24100000000000002,0.633182645,0.63,0.19963726399999998,0.14800000000000002,0.14800000000000002,-0.06956476,-0.053,2017,2018.0,2019.0,2020.0,2021.0,69,63,62,68,88,101,99,106,108,106,116,111,118,106,105,121,123,122,131,127,97,88,88,85,74
Mauritius,5.629000187000001,5.891,5.888,6.101299762999999,6.0489999999999995,1.189395547,1.09,1.12,9.956786156,10.008,0.638007462,0.684,0.7979999999999999,66.40434265,66.70100000000001,0.49124732600000004,0.584,0.498,0.889534533,0.867,0.360933751,0.245,0.215,-0.018318573,-0.054000000000000006,2017,2018.0,2019.0,2020.0,2021.0,55,50,50,51,51,64,63,71,73,70,63,52,54,48,49,48,34,39,31,46,27,35,52,66,75
Tajikistan,5.040999889,5.199,5.4670000000000005,5.555699825,5.466,0.524713635,0.474,0.493,8.024810791,8.091000000000001,0.529235125,0.598,0.718,64.10459137,64.281,0.47156670700000003,0.292,0.389,0.831383407,0.8320000000000001,0.248997644,0.187,0.23,-0.025088511,-0.055999999999999994,2017,2018.0,2019.0,2020.0,2021.0,126,122,118,120,119,96,90,91,91,91,95,83,70,70,76,59,124,82,59,62,67,63,46,69,76
Algeria,5.872000217,5.295,5.211,5.005099773,4.887,1.091864467,0.9790000000000001,1.002,9.537964821000001,9.342,0.6175846460000001,0.687,0.785,65.90517426,66.005,0.233335808,0.077,0.086,0.46661090899999996,0.48,0.069436647,0.055,0.073,-0.121105164,-0.067,2017,2018.0,2019.0,2020.0,2021.0,71,69,69,71,84,73,60,75,78,79,52,79,82,97,103,136,146,140,144,140,143,139,131,105,77
South Africa,4.828999996,4.724,4.7219999999999995,4.814099789,4.956,1.054698706,0.94,0.96,9.403370857,9.402999999999999,0.18708007,0.33,0.469,56.50601196,56.903999999999996,0.479246736,0.516,0.389,0.7593300940000001,0.7490000000000001,0.13936238,0.10300000000000001,0.13,-0.10977732400000001,-0.067,2017,2018.0,2019.0,2020.0,2021.0,78,74,73,78,80,140,122,120,122,120,100,100,99,105,97,52,65,81,88,97,121,114,98,102,78
Congo (Brazzaville),4.290999889,4.559,4.812,5.1943998339999995,5.3420000000000005,0.808964252,0.682,0.6729999999999999,8.536987305,8.117,0.28995743399999996,0.34299999999999997,0.508,57.92448044,58.221000000000004,0.435025871,0.514,0.37200000000000005,0.7190585140000001,0.695,0.120852128,0.091,0.105,-0.123674095,-0.068,2017,2018.0,2019.0,2020.0,2021.0,104,106,105,105,118,127,120,114,116,114,123,108,97,85,81,79,66,87,107,119,128,123,113,106,79
Kazakhstan,5.818999767,5.79,5.809,6.0578999520000005,6.152,1.28455627,1.143,1.173,10.11465836,10.155,0.606041551,0.631,0.7290000000000001,64.60996246,65.2,0.43745428299999994,0.45399999999999996,0.41,0.811601937,0.853,0.201964423,0.14800000000000002,0.146,-0.068488635,-0.069,2017,2018.0,2019.0,2020.0,2021.0,45,44,44,46,48,77,79,87,86,84,59,56,57,49,44,77,84,76,69,53,93,87,90,84,80
Taiwan Province of China,6.421999931,,,6.45539999,6.584,1.4336265330000002,,,10.77568531,10.870999999999999,0.7939842340000001,,,69.59999847,69.6,0.361466587,,,0.77153033,0.784,0.258360475,,,-0.07319869799999999,-0.07,2017,,,2020.0,2021.0,23,152,152,10,12,29,153,153,34,35,32,151,151,24,23,103,154,154,83,78,60,154,154,87,81
Brazil,6.635000229,6.419,6.3,6.375599861,6.33,1.10735321,0.986,1.004,9.56643486,9.577,0.616552353,0.675,0.802,66.48016357,66.601,0.437453747,0.493,0.39,0.799804807,0.804,0.162349895,0.11,0.099,-0.10181239199999999,-0.071,2017,2018.0,2019.0,2020.0,2021.0,68,66,67,70,70,75,65,70,72,73,21,26,30,31,34,78,73,80,74,72,112,111,117,98,82
Lebanon,5.224999905,5.358,5.197,4.771500111,4.584,1.0749875309999999,0.965,0.987,9.3617239,9.626,0.735081077,0.785,0.815,67.10658264,67.355,0.288515985,0.503,0.21600000000000003,0.5513575079999999,0.525,0.264450759,0.214,0.166,-0.06121527,-0.073,2017,2018.0,2019.0,2020.0,2021.0,74,71,70,82,64,36,34,63,60,57,87,75,85,107,117,122,69,128,141,139,59,46,77,82,83
Bolivia,5.822999954,5.752000000000001,5.779,5.747499942999999,5.716,0.8337565659999999,0.7509999999999999,0.7759999999999999,8.851115227000001,9.046,0.47363025,0.508,0.706,63.6004715,63.901,0.558732927,0.606,0.511,0.875873327,0.875,0.225560725,0.141,0.13699999999999998,-0.09168113,-0.077,2017,2018.0,2019.0,2020.0,2021.0,103,98,96,98,96,106,104,92,95,93,57,58,58,64,68,28,26,34,38,42,82,92,95,93,84
Moldova,5.837999821,5.64,5.529,5.607500076,5.766,0.72887063,0.657,0.685,8.776714325,9.454,0.589465201,0.62,0.7390000000000001,65.01301575,65.699,0.24072904899999997,0.23199999999999998,0.245,0.721609175,0.8220000000000001,0.208779126,0.171,0.18100000000000002,-0.037741039,-0.079,2017,2018.0,2019.0,2020.0,2021.0,112,108,103,101,77,83,81,85,84,81,55,63,67,69,64,132,136,120,106,68,88,77,68,72,85
Spain,6.402999877999999,6.31,6.354,6.4008998870000005,6.4910000000000005,1.384397864,1.251,1.286,10.46292686,10.571,0.8889606,0.965,1.062,74.40270996,74.7,0.40878123,0.449,0.36200000000000004,0.751989543,0.7609999999999999,0.190133572,0.142,0.153,-0.050961714000000005,-0.081,2017,2018.0,2019.0,2020.0,2021.0,29,28,28,28,31,4,2,2,2,2,33,34,28,27,26,88,88,90,89,91,101,91,84,79,86
South Korea,5.837999821,5.875,5.895,5.872399807000001,5.845,1.4016784430000002,1.266,1.301,10.51056671,10.651,0.9002140759999999,0.955,1.036,73.60272979999999,73.9,0.257921666,0.244,0.159,0.6129651070000001,0.672,0.206674367,0.175,0.175,-0.043404032,-0.083,2017,2018.0,2019.0,2020.0,2021.0,27,26,25,25,24,3,3,8,8,6,54,54,51,60,61,126,135,136,134,123,91,73,73,75,87
Italy,5.964000225,6.0,6.223,6.38740015,6.483,1.395066619,1.264,1.294,10.48183632,10.623,0.8531443479999999,0.946,1.0390000000000001,73.60168457,73.8,0.256450713,0.281,0.231,0.66465199,0.693,0.17278964800000002,0.13699999999999998,0.158,-0.04346099900000001,-0.084,2017,2018.0,2019.0,2020.0,2021.0,28,27,27,27,26,6,4,6,9,10,47,44,34,29,27,127,127,124,122,121,108,95,80,76,88
Libya,5.525000095,5.566,5.525,5.488800049,5.41,1.101803064,0.985,1.044,9.789815903,9.622,0.52016902,0.5529999999999999,0.6729999999999999,62.29999924,62.3,0.46573323,0.496,0.41600000000000004,0.773157001,0.7709999999999999,0.152073666,0.11599999999999999,0.133,-0.085054487,-0.087,2017,2018.0,2019.0,2020.0,2021.0,70,67,60,57,65,98,96,94,98,97,67,66,68,78,78,64,72,75,81,88,117,108,97,92,89
Uruguay,6.453999996,6.379,6.292999999999999,6.440100192999999,6.431,1.217559695,1.093,1.124,9.948192596,9.966000000000001,0.7192168240000001,0.7709999999999999,0.8909999999999999,69.00254822,69.1,0.5793922539999999,0.625,0.523,0.892395437,0.8959999999999999,0.17509692899999998,0.13,0.127,-0.101103112,-0.092,2017,2018.0,2019.0,2020.0,2021.0,52,49,49,52,52,39,37,34,37,39,28,29,31,25,30,21,22,29,30,27,107,101,99,97,90
Bulgaria,4.714000225,4.933,5.011,5.101500034,5.266,1.161459088,1.054,1.092,9.869318962000001,10.016,0.70821768,0.7120000000000001,0.815,66.80397797,67.0,0.289231718,0.359,0.311,0.745178163,0.7879999999999999,0.11317769400000001,0.064,0.081,-0.143908441,-0.096,2017,2018.0,2019.0,2020.0,2021.0,57,53,53,53,50,43,50,65,67,67,104,95,91,93,86,120,110,107,94,76,131,134,125,114,91
Philippines,5.429999828,5.524,5.631,6.006000042,5.88,0.857699215,0.775,0.807,8.993545532,9.076,0.468009055,0.513,0.657,61.92676163,62.0,0.5852146739999999,0.643,0.5579999999999999,0.915463448,0.917,0.19351342300000002,0.12,0.11699999999999999,-0.105463006,-0.09699999999999999,2017,2018.0,2019.0,2020.0,2021.0,102,97,92,93,92,107,103,99,102,100,71,67,65,51,60,17,14,15,16,17,100,104,103,100,92
Vietnam,5.073999882,5.103,5.175,5.353499889,5.4110000000000005,0.788547575,0.715,0.741,8.809545517,8.972999999999999,0.652168989,0.7020000000000001,0.851,67.95273590000001,68.03399999999999,0.571055591,0.618,0.5429999999999999,0.939592957,0.94,0.234968051,0.177,0.147,-0.094533332,-0.098,2017,2018.0,2019.0,2020.0,2021.0,106,102,99,100,97,56,52,48,49,50,93,90,88,81,77,24,23,22,7,8,75,71,89,94,93
Finland,7.468999863,7.632000000000001,7.769,7.808700085,7.8420000000000005,1.443571925,1.305,1.34,10.63926697,10.775,0.80915767,0.8740000000000001,0.986,71.9008255,72.0,0.6179508570000001,0.6809999999999999,0.596,0.949172199,0.9490000000000001,0.24548277300000002,0.20199999999999999,0.153,-0.059482019000000004,-0.098,2017,2018.0,2019.0,2020.0,2021.0,21,20,20,20,18,24,23,26,27,27,4,0,0,0,0,6,4,4,4,5,70,52,83,81,94
Slovenia,5.757999897,5.9479999999999995,6.117999999999999,6.363399982000001,6.461,1.341205955,1.219,1.258,10.39232254,10.529000000000002,0.790828228,0.856,0.953,71.1029892,71.4,0.572575808,0.633,0.564,0.936142623,0.9490000000000001,0.242649093,0.16,0.14400000000000002,-0.080603383,-0.10099999999999999,2017,2018.0,2019.0,2020.0,2021.0,36,32,32,33,33,31,27,28,29,29,61,48,41,32,28,23,18,12,10,4,71,81,91,91,95
Afghanistan,3.79399991,3.6319999999999997,3.2030000000000003,2.566900015,2.523,0.40147721799999997,0.332,0.35,7.4628605839999995,7.695,0.180746779,0.255,0.361,52.59000015,52.493,0.10617952,0.085,0.0,0.39657300700000003,0.382,0.311870933,0.191,0.158,-0.0964294,-0.102,2017,2018.0,2019.0,2020.0,2021.0,134,135,129,134,126,141,130,135,138,135,140,139,144,146,141,147,145,146,146,141,44,61,81,95,96
Kuwait,6.105000018999999,6.082999999999999,6.021,6.102099895,6.106,1.6329524519999998,1.474,1.5,11.08982468,10.817,0.632105708,0.675,0.8079999999999999,66.76764679,66.9,0.49633759299999997,0.5539999999999999,0.493,0.8723664879999999,0.867,0.22828979800000002,0.16699999999999998,0.142,-0.100184701,-0.10400000000000001,2017,2018.0,2019.0,2020.0,2021.0,3,4,4,4,15,68,64,67,69,69,38,42,48,47,46,46,44,46,39,47,81,78,93,96,97
Mauritania,4.291999817,4.356,4.49,4.374599934,4.227,0.648457289,0.557,0.57,8.233919144,8.542,0.28534928,0.292,0.489,57.01017761,57.161,0.09609804300000001,0.129,0.066,0.551522553,0.561,0.20187002399999998,0.134,0.106,-0.10600814199999999,-0.106,2017,2018.0,2019.0,2020.0,2021.0,117,115,112,113,105,128,126,117,120,118,122,120,114,124,126,148,142,142,140,137,94,96,112,101,98
Estonia,5.611000061,5.739,5.893,6.0218000410000005,6.189,1.32087934,1.2,1.237,10.34001732,10.481,0.695168316,0.737,0.8740000000000001,68.60495758,68.8,0.47913143,0.5529999999999999,0.495,0.87770915,0.909,0.098890811,0.086,0.10300000000000001,-0.111697771,-0.106,2017,2018.0,2019.0,2020.0,2021.0,38,34,35,36,35,48,43,40,41,42,65,59,52,50,39,53,45,44,37,21,135,125,115,103,99
El Salvador,6.002999783,6.167000000000001,6.252999999999999,6.34829998,6.061,0.9097844959999999,0.8059999999999999,0.794,8.909075737,9.054,0.596018553,0.639,0.789,66.10826111,66.402,0.43245253,0.461,0.43,0.833805263,0.888,0.078257985,0.065,0.09300000000000001,-0.12107297800000001,-0.11,2017,2018.0,2019.0,2020.0,2021.0,94,92,95,97,94,80,76,74,75,74,44,37,33,33,48,80,80,71,58,32,141,133,120,104,100
Russia,5.962999821,5.81,5.648,5.546000004,5.477,1.2817780970000001,1.151,1.183,10.12887192,10.189,0.547349334,0.599,0.726,64.10045624,64.703,0.37378311200000003,0.39899999999999997,0.33399999999999996,0.729892612,0.718,0.052263822,0.065,0.08199999999999999,-0.151153743,-0.111,2017,2018.0,2019.0,2020.0,2021.0,46,41,41,45,47,91,89,88,92,88,48,55,64,72,75,101,101,101,103,108,146,132,124,116,101
Croatia,5.293000221000001,5.321000000000001,5.432,5.504700184,5.882000000000001,1.222556233,1.115,1.155,10.07087517,10.217,0.7012885209999999,0.737,0.914,70.21490479,70.79899999999999,0.255772293,0.38,0.29600000000000004,0.714838803,0.754,0.248002976,0.12,0.11900000000000001,-0.128538325,-0.11800000000000001,2017,2018.0,2019.0,2020.0,2021.0,50,47,47,48,46,46,44,31,30,31,76,77,71,77,59,128,106,110,110,95,68,105,102,110,102
Ecuador,6.007999897,5.973,6.028,5.925199986,5.763999999999999,1.0008203979999999,0.889,0.912,9.246058463999999,9.312999999999999,0.6856362220000001,0.736,0.868,68.50003815,68.8,0.45519819899999997,0.556,0.498,0.8598289490000001,0.8420000000000001,0.150112465,0.114,0.126,-0.127014965,-0.124,2017,2018.0,2019.0,2020.0,2021.0,83,82,82,85,86,51,45,44,43,43,43,45,47,57,65,67,43,41,48,55,118,109,100,109,103
Slovakia,6.09800005,6.172999999999999,6.1979999999999995,6.280600071,6.331,1.325393558,1.21,1.246,10.34774971,10.369000000000002,0.7127329109999999,0.7759999999999999,0.8809999999999999,68.90634155,69.20100000000001,0.295817465,0.354,0.33399999999999996,0.7499526740000001,0.7659999999999999,0.136544481,0.11800000000000001,0.121,-0.12440930300000001,-0.124,2017,2018.0,2019.0,2020.0,2021.0,37,33,33,34,38,40,36,36,38,38,39,36,36,36,33,117,114,100,91,89,122,106,101,107,104
Costa Rica,7.078999996,7.072,7.167000000000001,7.121399879,7.069,1.109706283,1.01,1.034,9.658156395,9.88,0.759509265,0.8170000000000001,0.963,71.29985046,71.4,0.58013165,0.632,0.5579999999999999,0.9347389340000001,0.934,0.214613229,0.14300000000000002,0.14400000000000002,-0.10242971,-0.126,2017,2018.0,2019.0,2020.0,2021.0,67,62,64,69,55,33,30,27,28,28,11,12,11,14,15,20,19,14,11,10,86,90,92,99,105
Lesotho,3.808000088,3.8080000000000003,3.802,3.6528000830000003,3.512,0.5210212470000001,0.47200000000000003,0.489,7.9604883189999995,7.926,0.0,0.079,0.168,48.00362396,48.7,0.39066129899999996,0.423,0.359,0.738125861,0.715,0.157497272,0.11599999999999999,0.107,-0.145732045,-0.131,2017,2018.0,2019.0,2020.0,2021.0,127,123,119,122,122,154,146,145,145,140,138,135,134,136,137,95,94,92,98,111,114,107,110,115,106
Dominican Republic,5.230000018999999,5.3020000000000005,5.425,5.6891999239999995,5.545,1.0793738370000001,0.982,1.015,9.664880753,9.802,0.574873745,0.614,0.779,65.80748749,66.102,0.552589834,0.578,0.49700000000000005,0.8662027720000001,0.86,0.18696785,0.12,0.113,-0.131263286,-0.133,2017,2018.0,2019.0,2020.0,2021.0,73,68,66,67,59,87,83,78,80,78,85,78,72,67,72,29,38,42,43,49,103,103,105,112,107
Colombia,6.3569998739999996,6.26,6.125,6.163400172999999,6.0120000000000005,1.070622325,0.96,0.985,9.500369072,9.557,0.5950279239999999,0.635,0.841,67.69958496,68.001,0.477487415,0.531,0.47,0.8361799120000001,0.8370000000000001,0.149014473,0.099,0.099,-0.161235645,-0.135,2017,2018.0,2019.0,2020.0,2021.0,75,72,71,73,72,81,77,50,51,51,35,35,40,43,51,55,56,53,56,59,119,116,116,119,108
Jamaica,5.31099987,5.89,5.89,5.889800072000001,6.309,0.9255793090000001,0.8190000000000001,0.831,9.006250381000001,9.186,0.641022384,0.693,0.831,67.09999847,67.5,0.474307239,0.575,0.49,0.8580685259999999,0.89,0.233818337,0.096,0.107,-0.12510676699999998,-0.13699999999999998,2017,2018.0,2019.0,2020.0,2021.0,93,89,89,92,89,61,56,52,62,55,75,53,53,59,36,56,39,48,50,31,76,119,111,108,109
Turkey,5.5,5.483,5.372999999999999,5.131800175,4.948,1.1982743740000001,1.148,1.183,10.12941933,10.24,0.637605608,0.6859999999999999,0.8079999999999999,66.90281677,67.199,0.30074059999999997,0.324,0.195,0.6088304520000001,0.5760000000000001,0.046693042000000004,0.106,0.083,-0.17104643600000002,-0.139,2017,2018.0,2019.0,2020.0,2021.0,53,43,42,44,44,66,61,68,64,63,68,69,74,90,98,116,117,132,135,136,148,113,123,126,110
China,5.2729997630000005,5.246,5.191,5.123899937,5.3389999999999995,1.0811657909999999,0.9890000000000001,1.0290000000000001,9.688568115,9.673,0.741415501,0.799,0.893,69.2891922,69.593,0.472787708,0.597,0.521,0.898517907,0.904,0.028806841,0.028999999999999998,0.057999999999999996,-0.18142575,-0.146,2017,2018.0,2019.0,2020.0,2021.0,72,65,65,63,62,35,32,33,36,36,78,81,87,91,82,58,29,30,27,25,152,147,137,128,111
France,6.441999912000001,6.489,6.5920000000000005,6.663799762999999,6.69,1.430923462,1.2930000000000001,1.324,10.58422279,10.704,0.844465852,0.9079999999999999,1.045,73.80193329,74.0,0.470222116,0.52,0.436,0.8254676459999999,0.8220000000000001,0.129762307,0.098,0.111,-0.130641967,-0.147,2017,2018.0,2019.0,2020.0,2021.0,24,23,23,22,21,9,10,4,4,4,30,22,23,22,20,61,63,66,63,66,124,118,106,111,112
Yemen,3.592999935,3.355,3.38,3.5274000169999997,3.658,0.5916834470000001,0.442,0.287,7.759682655,7.577999999999999,0.31008091600000004,0.34299999999999997,0.46299999999999997,56.72728348,57.122,0.249463722,0.244,0.14300000000000002,0.599920273,0.602,0.10412520900000001,0.083,0.10800000000000001,-0.157735437,-0.147,2017,2018.0,2019.0,2020.0,2021.0,122,125,135,125,131,123,119,121,121,119,145,146,141,139,133,130,134,139,136,132,133,127,109,118,113
Mexico,6.578000069,6.4879999999999995,6.595,6.465000152999999,6.317,1.153183818,1.038,1.07,9.797797203,9.859,0.709978998,0.7609999999999999,0.861,68.29902649,68.597,0.412730008,0.479,0.433,0.8587092759999999,0.862,0.12099043300000001,0.069,0.07400000000000001,-0.175266623,-0.147,2017,2018.0,2019.0,2020.0,2021.0,61,55,54,56,56,42,38,45,46,46,24,23,22,23,35,86,75,68,49,48,127,131,130,127,114
Namibia,4.573999882,4.441,4.638999999999999,4.571100235,4.574,0.9644343259999999,0.8740000000000001,0.879,9.203141212,9.161,0.33861181100000004,0.365,0.47700000000000004,56.50148773,56.799,0.520303547,0.519,0.401,0.767520964,0.7190000000000001,0.077133745,0.051,0.07,-0.18530646,-0.149,2017,2018.0,2019.0,2020.0,2021.0,89,84,85,88,91,120,118,119,123,121,110,113,106,117,118,37,64,78,84,107,142,141,132,129,115
Saudi Arabia,6.343999863,6.371,6.375,6.406499863,6.494,1.530623555,1.379,1.403,10.79781246,10.743,0.59014833,0.633,0.795,66.30514526,66.60300000000001,0.449750572,0.509,0.439,0.854191244,0.877,0.14761601400000002,0.098,0.08,-0.16869506199999998,-0.149,2017,2018.0,2019.0,2020.0,2021.0,10,9,9,9,19,82,78,72,74,72,36,31,26,26,25,71,67,64,52,36,120,117,127,124,116
Belgium,6.890999794,6.9270000000000005,6.922999999999999,6.863500117999999,6.834,1.463780761,1.324,1.3559999999999999,10.673639300000001,10.823,0.8180918690000001,0.894,0.986,72.00164795,72.199,0.539770722,0.583,0.473,0.813582063,0.7829999999999999,0.231503338,0.188,0.16,-0.078691199,-0.153,2017,2018.0,2019.0,2020.0,2021.0,20,19,19,19,14,18,13,25,26,26,16,15,17,19,19,33,35,51,68,80,78,62,79,90,117
Peru,5.715000152999999,5.662999999999999,5.697,5.796800137000001,5.84,1.0352252720000001,0.934,0.96,9.456313133,9.458,0.6301661129999999,0.674,0.8540000000000001,68.10023499,68.25,0.45000287899999997,0.53,0.455,0.8247660990000001,0.8220000000000001,0.126819715,0.092,0.083,-0.16238822,-0.154,2017,2018.0,2019.0,2020.0,2021.0,79,75,72,74,76,69,66,47,48,47,62,61,61,62,62,70,59,59,64,67,126,122,121,121,118
Latvia,5.849999905,5.933,5.94,5.9499998089999995,6.032,1.260748625,1.148,1.187,10.17531967,10.315,0.638566971,0.6709999999999999,0.812,66.8074646,67.1,0.325707912,0.363,0.264,0.671237648,0.715,0.153074786,0.092,0.075,-0.186888844,-0.162,2017,2018.0,2019.0,2020.0,2021.0,47,42,40,42,41,63,68,66,66,65,53,50,50,56,50,110,109,118,120,110,116,120,129,130,119
Palestinian Territories,4.775000095,4.743,4.696000000000001,4.552800179,4.5169999999999995,0.716249228,0.642,0.657,8.389223099,8.485,0.565666974,0.602,0.672,62.25,62.25,0.254711062,0.266,0.225,0.645791829,0.653,0.114173174,0.086,0.10300000000000001,-0.162079096,-0.163,2017,2018.0,2019.0,2020.0,2021.0,114,110,106,109,109,88,88,95,99,98,102,99,103,120,119,129,130,125,128,125,130,126,114,120,120
Poland,5.97300005,6.122999999999999,6.182,6.1862998010000005,6.166,1.291787863,1.176,1.206,10.26512432,10.382,0.699475348,0.7809999999999999,0.884,69.31113434,69.702,0.520342112,0.546,0.483,0.8620557790000001,0.841,0.15846596699999999,0.10800000000000001,0.11699999999999999,-0.205084071,-0.165,2017,2018.0,2019.0,2020.0,2021.0,41,37,38,37,37,47,35,35,35,33,45,39,37,42,43,36,48,50,46,56,113,112,104,135,121
Panama,6.452000141,6.43,6.321000000000001,6.304800033999999,6.18,1.233748436,1.112,1.149,10.03423405,10.35,0.706156135,0.759,0.91,69.60301208,69.652,0.550026834,0.597,0.516,0.880366504,0.872,0.210556939,0.125,0.109,-0.153927714,-0.166,2017,2018.0,2019.0,2020.0,2021.0,49,48,48,49,40,44,39,32,33,34,29,25,29,35,40,30,28,31,36,44,87,102,108,117,122
Jordan,5.335999966,5.1610000000000005,4.906000000000001,4.6333999630000005,4.395,0.9910123940000001,0.8220000000000001,0.8370000000000001,9.025999069,9.182,0.604590058,0.645,0.815,66.79975128,67.0,0.418421149,0.46799999999999997,0.38299999999999995,0.75104779,0.755,0.17217046,0.13,0.11,-0.162565202,-0.16699999999999998,2017,2018.0,2019.0,2020.0,2021.0,86,88,88,90,90,78,74,62,68,68,73,85,95,114,121,84,76,84,90,93,111,100,107,122,123
Armenia,4.375999928,4.321000000000001,4.559,4.676799774,5.2829999999999995,0.900596738,0.816,0.85,9.100476265,9.487,0.637524426,0.6659999999999999,0.815,66.75065613,67.055,0.198303267,0.26,0.28300000000000003,0.7120178340000001,0.825,0.083488092,0.077,0.095,-0.13877961,-0.168,2017,2018.0,2019.0,2020.0,2021.0,96,90,87,89,74,67,72,61,70,66,120,123,109,111,84,139,131,115,111,64,139,130,118,113,124
Venezuela,5.25,4.806,4.707,5.053199768,4.8919999999999995,1.128431201,0.996,0.96,8.977793693999999,9.073,0.617144227,0.657,0.805,66.50534058,66.7,0.153997123,0.133,0.154,0.62327832,0.615,0.06501963,0.055999999999999994,0.064,-0.16909050899999997,-0.16899999999999998,2017,2018.0,2019.0,2020.0,2021.0,63,64,74,94,93,74,73,69,71,71,81,97,101,96,101,144,140,137,133,130,144,138,135,125,125
Belarus,5.568999767,5.483,5.3229999999999995,5.539899826,5.534,1.15655756,1.0390000000000001,1.067,9.779945374,9.853,0.637714267,0.7,0.789,66.10433197,66.253,0.29540026199999997,0.307,0.235,0.6391630770000001,0.65,0.155137509,0.10099999999999999,0.094,-0.164926544,-0.18,2017,2018.0,2019.0,2020.0,2021.0,59,54,55,58,57,65,54,73,76,76,66,70,76,74,74,118,121,123,130,126,115,115,119,123,126
Argentina,6.598999977,6.388,6.086,5.974699974,5.928999999999999,1.1852954629999999,1.073,1.092,9.810955048,9.962,0.6951370840000001,0.7440000000000001,0.8809999999999999,68.80380249,69.0,0.494519204,0.57,0.47100000000000003,0.831132412,0.828,0.109457061,0.062,0.066,-0.194913864,-0.182,2017,2018.0,2019.0,2020.0,2021.0,56,51,52,55,53,49,42,37,39,40,23,27,44,54,56,47,40,52,60,63,132,136,134,132,127
Egypt,4.735000134,4.419,4.166,4.151400089,4.283,0.989701807,0.885,0.9129999999999999,9.316541672,9.367,0.520187259,0.5529999999999999,0.644,61.78015137,61.998000000000005,0.282110155,0.312,0.24100000000000002,0.708354175,0.7490000000000001,0.128631443,0.092,0.076,-0.196878314,-0.182,2017,2018.0,2019.0,2020.0,2021.0,87,83,81,83,82,97,95,100,103,102,103,116,128,131,124,123,119,121,114,98,125,121,128,133,128
Hungary,5.323999882,5.62,5.757999999999999,6.000400066,5.992000000000001,1.286011934,1.171,1.2009999999999998,10.24924374,10.357999999999999,0.687763453,0.732,0.828,67.60997009,68.0,0.175863519,0.259,0.19899999999999998,0.718964577,0.755,0.078401662,0.061,0.081,-0.19432301800000001,-0.18600000000000003,2017,2018.0,2019.0,2020.0,2021.0,44,38,39,41,39,50,46,57,52,52,74,65,59,52,52,142,133,130,108,94,140,137,126,131,129
Gabon,4.465000153,4.758,4.7989999999999995,4.829299927,4.852,1.198210239,1.036,1.057,9.680537224,9.603,0.356578588,0.40399999999999997,0.5710000000000001,59.71533966,59.961999999999996,0.312328577,0.35600000000000004,0.295,0.7048292159999999,0.731,0.043785378,0.032,0.043,-0.22226162300000002,-0.2,2017,2018.0,2019.0,2020.0,2021.0,54,56,56,66,66,117,113,107,109,107,117,98,98,104,106,113,111,111,116,103,150,145,141,139,130
Tunisia,4.804999828,4.592,4.461,4.392199993,4.596,1.007265806,0.9,0.9209999999999999,9.314972877999999,9.266,0.613212049,0.69,0.815,66.89785767,67.20100000000001,0.28968069,0.271,0.16699999999999998,0.593361557,0.6559999999999999,0.049693357,0.04,0.059000000000000004,-0.216413811,-0.201,2017,2018.0,2019.0,2020.0,2021.0,82,80,80,84,87,76,59,64,65,62,101,105,116,123,116,119,129,135,137,124,147,143,136,136,131
Lithuania,5.90199995,5.952000000000001,6.149,6.215499877999999,6.255,1.314582348,1.197,1.238,10.34362602,10.499,0.62894994,0.716,0.818,67.29407501,67.906,0.234231785,0.35,0.29100000000000004,0.747381449,0.773,0.010164656999999999,0.026000000000000002,0.043,-0.21972529600000001,-0.203,2017,2018.0,2019.0,2020.0,2021.0,40,35,34,35,34,70,49,60,55,53,51,47,39,40,37,135,115,114,93,87,153,149,142,137,132
Czech Republic,6.609000206,6.711,6.852,6.9109001160000005,6.965,1.352682352,1.2329999999999999,1.2690000000000001,10.40416336,10.556,0.7544440029999999,0.8540000000000001,0.92,70.04793549,70.807,0.49094617399999996,0.5429999999999999,0.457,0.818537354,0.858,0.088106759,0.064,0.046,-0.230861515,-0.20800000000000002,2017,2018.0,2019.0,2020.0,2021.0,33,30,30,32,32,34,28,30,31,30,22,20,19,18,17,50,49,56,67,51,138,135,139,141,133
Romania,5.8249998089999995,5.945,6.07,6.123700142000001,6.14,1.217683911,1.1159999999999999,1.162,10.107584,10.284,0.685158312,0.726,0.825,67.20723724,67.355,0.45700374200000005,0.528,0.462,0.842823207,0.845,0.13351991800000002,0.08800000000000001,0.083,-0.19781521,-0.21899999999999997,2017,2018.0,2019.0,2020.0,2021.0,51,46,45,47,42,52,48,58,57,58,56,49,45,46,45,66,60,55,53,54,123,124,122,134,134
Azerbaijan,5.234000206,5.2010000000000005,5.207999999999999,5.164800167,5.171,1.153601766,1.024,1.043,9.687726974,9.568999999999999,0.540775776,0.603,0.769,65.50839996,65.656,0.398155838,0.43,0.35100000000000003,0.786824107,0.8140000000000001,0.04526934,0.031,0.035,-0.24025528100000001,-0.223,2017,2018.0,2019.0,2020.0,2021.0,60,57,61,64,71,93,87,80,82,82,84,82,83,86,87,92,93,96,78,69,149,146,144,142,135
Morocco,5.235000134,5.254,5.207999999999999,5.094799995,4.918,0.878114581,0.779,0.8009999999999999,8.940313339,8.902999999999999,0.597710669,0.669,0.782,65.89624023,66.208,0.408158332,0.46,0.418,0.772072434,0.774,0.032209955,0.026000000000000002,0.036000000000000004,-0.240377247,-0.23600000000000002,2017,2018.0,2019.0,2020.0,2021.0,99,96,93,95,98,79,71,77,79,77,83,80,84,94,100,89,81,73,82,86,151,148,143,143,136
Georgia,4.285999775,4.34,4.519,4.672599792,4.891,0.9506126640000001,0.853,0.8859999999999999,9.226100922,9.585,0.649546981,0.643,0.752,64.49520874,64.3,0.309410036,0.375,0.34600000000000003,0.8016415240000001,0.7829999999999999,0.054008815,0.038,0.043,-0.22892037,-0.23800000000000002,2017,2018.0,2019.0,2020.0,2021.0,91,86,83,86,68,58,75,83,89,90,124,122,112,112,102,114,107,98,73,79,145,144,140,140,137
Portugal,5.195000172,5.41,5.693,5.9109001160000005,5.928999999999999,1.315175295,1.188,1.2209999999999999,10.26374245,10.421,0.7958435420000001,0.884,0.9990000000000001,72.40202332,72.6,0.4984653,0.562,0.508,0.8887478109999999,0.892,0.095102713,0.055,0.047,-0.220714301,-0.244,2017,2018.0,2019.0,2020.0,2021.0,39,36,37,38,36,28,17,18,20,18,88,72,62,58,57,45,41,37,32,30,137,140,138,138,138
Botswana,3.766000032,3.59,3.488,3.4788999560000002,3.467,1.122094154,1.0170000000000001,1.041,9.711203575,9.782,0.34175550899999996,0.41700000000000004,0.5379999999999999,58.92445374,59.269,0.505196333,0.557,0.455,0.8213281040000001,0.8240000000000001,0.099348448,0.042,0.025,-0.250394493,-0.24600000000000002,2017,2018.0,2019.0,2020.0,2021.0,65,58,63,62,61,119,112,111,113,111,141,140,138,140,138,43,42,58,66,65,134,142,145,145,139
Japan,5.920000076,5.915,5.886,5.870800018,5.94,1.4169151780000002,1.294,1.327,10.57968903,10.610999999999999,0.9134758709999999,0.988,1.088,75.00096893,75.1,0.505625546,0.5529999999999999,0.445,0.8099613790000001,0.7959999999999999,0.12057276800000001,0.079,0.069,-0.24691034899999997,-0.258,2017,2018.0,2019.0,2020.0,2021.0,25,22,22,23,27,2,1,1,1,1,50,51,55,61,55,42,46,62,70,74,129,128,133,144,140
Greece,5.2270002369999995,5.358,5.287000000000001,5.514999866,5.723,1.2894874809999999,1.1540000000000001,1.181,10.13232613,10.279000000000002,0.810198903,0.879,0.9990000000000001,72.40525818,72.6,0.09573125099999999,0.131,0.067,0.5413451189999999,0.5820000000000001,0.0,0.0,0.0,-0.30090737300000003,-0.28800000000000003,2017,2018.0,2019.0,2020.0,2021.0,43,40,43,43,43,22,19,19,18,19,86,74,77,76,67,149,141,141,142,134,154,150,146,146,141
Congo (Kinshasa),4.28000021,4.245,4.418,4.31099987,,0.092102349,0.069,0.094,6.694256306000001,,0.191407025,0.204,0.35700000000000004,52.90000153,,0.23596134800000002,0.312,0.26899999999999996,0.700793564,,0.246455833,0.19699999999999998,0.212,0.083637655,,2017,2018.0,2019.0,2020.0,,151,148,142,144,145,139,138,136,136,144,125,126,119,126,144,133,118,117,117,144,69,57,53,35,142
Central African Republic,2.6930000780000003,3.083,3.083,3.475899935,,0.0,0.024,0.026000000000000002,6.625160217,,0.018772686,0.01,0.105,45.20000076,,0.270842046,0.305,0.225,0.640880644,,0.280876487,0.218,0.235,0.082410358,,2017,2018.0,2019.0,2020.0,,154,149,145,145,146,152,149,146,146,146,154,149,145,142,145,124,122,126,129,145,53,43,43,36,143
South Sudan,3.59100008,3.2539999999999996,2.853,2.8166000839999996,,0.397248626,0.337,0.306,7.425359726,,0.163486004,0.177,0.295,51.0,,0.147062436,0.11199999999999999,0.01,0.451313615,,0.28567081699999997,0.22399999999999998,0.20199999999999999,0.016518548,,2017,2018.0,2019.0,2020.0,,135,133,134,135,144,143,140,139,140,145,146,148,146,145,146,145,143,145,145,146,50,40,56,55,144
Trinidad and Tobago,6.168000221000001,,,6.1918997760000005,,1.361355901,,,10.26000214,,0.519983292,,,63.5,,0.518630743,,,0.8579071159999999,,0.325296462,,,0.000526841,,2017,,,2020.0,,31,153,153,40,142,99,154,154,96,143,37,152,152,41,142,38,151,151,51,142,38,152,152,59,145
Macedonia,5.1750001910000005,5.185,,5.1598000530000006,,1.0645779370000001,0.9590000000000001,,9.510591507000001,,0.644948184,0.691,,67.50442505,,0.325905979,0.39399999999999996,,0.738840938,,0.253760964,0.17300000000000001,,-0.019877451,,2017,2018.0,,2020.0,,77,73,147,72,143,60,58,147,54,142,91,84,148,87,143,109,104,148,97,143,62,75,148,68,146
Bhutan,5.011000156000001,5.082,5.082,,,0.8854163890000001,0.7959999999999999,0.813,,,0.495879292,0.527,0.604,,,0.5015376810000001,0.541,0.457,,,0.474054545,0.364,0.37,,,2017,2018.0,2019.0,,,98,93,91,148,148,104,100,103,148,148,96,92,89,148,148,44,51,57,149,149,11,6,5,147,147
Syria,3.461999893,3.4619999999999997,3.4619999999999997,,,0.7771531340000001,0.6890000000000001,0.619,,,0.500533342,0.539,0.44,,,0.081539445,0.08800000000000001,0.013000000000000001,,,0.49366372799999997,0.376,0.331,,,2017,2018.0,2019.0,,,109,104,108,149,149,102,98,125,149,149,151,144,139,150,150,150,144,144,150,150,5,4,10,148,148
Somalia,5.151000023,4.982,4.668,,,0.022643184,0.0,0.0,,,0.11398913699999999,0.115,0.268,,,0.602126956,0.674,0.5589999999999999,,,0.291631311,0.23800000000000002,0.243,,,2017,2018.0,2019.0,,,153,150,146,150,150,146,144,140,150,150,92,93,105,149,149,12,6,13,147,147,47,39,41,149,149
Qatar,6.375,6.374,6.374,,,1.870765686,1.649,1.6840000000000002,,,0.710098088,0.748,0.871,,,0.604130983,0.654,0.555,,,0.33047387,0.256,0.22,,,2017,2018.0,2019.0,,,0,1,0,147,147,41,41,43,147,147,34,30,27,147,147,11,10,21,148,148,33,33,48,150,150
Belize,5.9559998510000005,5.956,,,,0.9079753159999999,0.807,,,,0.450191766,0.474,,,,0.547509372,0.593,,,,0.240015641,0.183,,,,2017,2018.0,,,,95,91,148,151,151,109,106,148,151,151,49,46,147,151,151,32,31,147,151,151,72,67,147,151,151
Sudan,4.138999939,4.138999999999999,,,,0.6595166920000001,0.605,,,,0.29092082399999997,0.312,,,,0.014995855,0.016,,,,0.18231745100000002,0.134,,,,2017,2018.0,,,,116,112,150,153,153,126,123,149,152,152,129,131,149,152,152,153,149,149,152,152,106,98,149,152,152
Angola,3.7950000760000004,3.795,,,,0.85842818,0.73,,,,0.049868666,0.26899999999999996,,,,0.0,0.0,,,,0.09792649,0.079,,,,2017,2018.0,,,,101,99,149,152,152,149,128,150,153,153,139,136,150,153,153,154,150,150,153,153,136,129,150,153,153
"Hong Kong S.A.R., China",5.472000122000001,,,,,1.551674843,,,,,0.943062425,,,,,0.490968645,,,,,0.374465793,,,,,2017,,,,,7,151,151,154,154,1,151,151,154,154,70,154,154,154,154,49,152,152,154,154,24,151,151,154,154
